id,alunoId,consultorId,tipoAlerta,diasSemSessao,emailEnviado,erro,createdAt
1,30001,28,mentoria_30dias,47,1,,2026-03-17 02:27:30
2,30002,28,mentoria_30dias,47,1,,2026-03-17 02:27:31
3,30003,28,mentoria_30dias,49,1,,2026-03-17 02:27:32
4,30004,28,mentoria_30dias,49,1,,2026-03-17 02:27:32
5,30005,28,mentoria_30dias,48,1,,2026-03-17 02:27:34
6,30006,28,mentoria_30dias,46,1,,2026-03-17 02:27:35
7,30007,28,mentoria_30dias,49,1,,2026-03-17 02:27:36
8,30008,28,mentoria_30dias,49,1,,2026-03-17 02:27:37
9,30009,28,mentoria_30dias,47,1,,2026-03-17 02:27:38
10,30010,28,mentoria_30dias,47,1,,2026-03-17 02:27:39
11,30011,28,mentoria_30dias,49,1,,2026-03-17 02:27:40
12,30013,28,mentoria_30dias,46,1,,2026-03-17 02:27:41
13,30014,28,mentoria_30dias,48,1,,2026-03-17 02:27:42
14,30015,28,mentoria_30dias,48,1,,2026-03-17 02:27:43
15,30016,28,mentoria_30dias,48,1,,2026-03-17 02:27:44
16,30017,28,mentoria_30dias,47,1,,2026-03-17 02:27:45
17,30018,28,mentoria_30dias,49,1,,2026-03-17 02:27:46
18,30019,28,mentoria_30dias,46,1,,2026-03-17 02:27:47
19,30020,28,mentoria_30dias,49,1,,2026-03-17 02:27:48
20,30021,28,mentoria_30dias,49,1,,2026-03-17 02:27:49
21,30022,28,mentoria_30dias,47,1,,2026-03-17 02:27:50
22,30023,28,mentoria_30dias,47,1,,2026-03-17 02:27:51
23,30024,28,mentoria_30dias,48,1,,2026-03-17 02:27:52
24,30025,28,mentoria_30dias,46,1,,2026-03-17 02:27:53
25,30026,28,mentoria_30dias,48,1,,2026-03-17 02:27:54
26,30027,28,mentoria_30dias,46,1,,2026-03-17 02:27:55
27,30028,28,mentoria_30dias,46,1,,2026-03-17 02:27:56
28,30029,28,mentoria_30dias,47,1,,2026-03-17 02:27:57
29,30030,28,mentoria_30dias,48,1,,2026-03-17 02:27:58
30,30031,28,mentoria_30dias,91,1,,2026-03-17 02:27:59
31,30032,28,mentoria_30dias,46,1,,2026-03-17 02:28:00
32,30034,28,mentoria_30dias,46,1,,2026-03-17 02:28:01
33,30035,28,mentoria_30dias,47,1,,2026-03-17 02:28:02
34,30036,28,mentoria_30dias,48,1,,2026-03-17 02:28:03
35,30037,28,mentoria_30dias,48,1,,2026-03-17 02:28:04
36,30038,28,mentoria_30dias,46,1,,2026-03-17 02:28:06
37,30039,28,mentoria_30dias,46,1,,2026-03-17 02:28:06
38,30040,28,mentoria_30dias,45,1,,2026-03-17 02:28:07
39,30042,35,mentoria_30dias,40,1,,2026-03-17 02:28:08
40,30043,28,mentoria_30dias,46,1,,2026-03-17 02:28:09
41,30044,28,mentoria_30dias,152,1,,2026-03-17 02:28:10
42,30045,28,mentoria_30dias,46,1,,2026-03-17 02:28:11
43,30046,28,mentoria_30dias,48,1,,2026-03-17 02:28:12
44,30047,32,mentoria_30dias,60,1,,2026-03-17 02:28:13
45,30049,32,mentoria_30dias,56,1,,2026-03-17 02:28:14
46,30050,28,mentoria_30dias,53,1,,2026-03-17 02:28:14
47,30052,32,mentoria_30dias,56,1,,2026-03-17 02:28:15
48,30053,32,mentoria_30dias,60,1,,2026-03-17 02:28:17
49,30054,28,mentoria_30dias,54,1,,2026-03-17 02:28:18
50,30055,32,mentoria_30dias,57,1,,2026-03-17 02:28:19
51,30056,32,mentoria_30dias,89,1,,2026-03-17 02:28:19
52,30058,32,mentoria_30dias,54,1,,2026-03-17 02:28:20
53,30059,32,mentoria_30dias,56,1,,2026-03-17 02:28:21
54,30061,28,mentoria_30dias,53,1,,2026-03-17 02:28:22
55,30062,28,mentoria_30dias,174,1,,2026-03-17 02:28:23
56,30063,32,mentoria_30dias,89,1,,2026-03-17 02:28:24
57,30064,32,mentoria_30dias,56,1,,2026-03-17 02:28:25
58,30065,32,mentoria_30dias,56,1,,2026-03-17 02:28:27
59,30066,35,mentoria_30dias,43,1,,2026-03-17 02:28:28
60,30067,32,mentoria_30dias,175,1,,2026-03-17 02:28:29
61,30068,28,mentoria_30dias,53,1,,2026-03-17 02:28:30
62,30069,32,mentoria_30dias,56,1,,2026-03-17 02:28:31
63,30073,32,mentoria_30dias,89,1,,2026-03-17 02:28:32
64,30075,28,mentoria_30dias,54,1,,2026-03-17 02:28:33
65,30077,32,mentoria_30dias,89,1,,2026-03-17 02:28:34
66,30078,35,mentoria_30dias,43,1,,2026-03-17 02:28:35
67,30079,32,mentoria_30dias,89,1,,2026-03-17 02:28:36
68,30080,32,mentoria_30dias,57,1,,2026-03-17 02:28:37
69,30081,32,mentoria_30dias,54,1,,2026-03-17 02:28:38
70,30083,35,mentoria_30dias,32,1,,2026-03-17 02:28:39
71,30084,35,mentoria_30dias,32,1,,2026-03-17 02:28:40
72,30086,28,mentoria_30dias,54,1,,2026-03-17 02:28:41
73,30087,32,mentoria_30dias,57,1,,2026-03-17 02:28:42
74,30088,32,mentoria_30dias,57,1,,2026-03-17 02:28:43
75,30089,32,mentoria_30dias,89,1,,2026-03-17 02:28:44
76,30090,29,mentoria_30dias,50,1,,2026-03-17 02:28:45
77,30091,32,mentoria_30dias,56,1,,2026-03-17 02:28:46
78,30092,32,mentoria_30dias,60,1,,2026-03-17 02:28:47
79,30093,32,mentoria_30dias,54,1,,2026-03-17 02:28:48
80,30094,28,mentoria_30dias,55,1,,2026-03-17 02:28:49
81,30095,28,mentoria_30dias,39,1,,2026-03-17 02:28:51
82,30097,28,mentoria_30dias,53,1,,2026-03-17 02:28:51
83,30098,28,mentoria_30dias,53,1,,2026-03-17 02:28:52
84,30100,32,mentoria_30dias,48,1,,2026-03-17 02:28:54
85,90013,39,mentoria_30dias,999,1,,2026-03-17 02:28:55
86,330001,39,mentoria_30dias,999,1,,2026-03-17 02:28:56
87,510010,32,mentoria_30dias,999,0,"Invalid login: 454-4.7.0 Too many login attempts, please try again later. For more information,
454-4.7.0 go to
454 4.7.0  https://support.google.com/mail/answer/7126229 46e09a7af769-7d76ae68a4bsm13674598a34.19 - gsmtp",2026-03-17 02:28:56
88,570032,39,mentoria_30dias,999,1,,2026-03-17 02:28:57
89,510010,32,mentoria_30dias,999,1,,2026-03-17 02:45:55
30001,30041,35,mentoria_30dias,40,1,,2026-03-17 18:55:17
30002,570089,28,mentoria_30dias,999,1,,2026-03-17 20:04:11
30003,630049,39,mentoria_30dias,999,1,,2026-03-18 00:05:25
60001,660001,39,mentoria_30dias,999,1,,2026-03-18 15:42:11
90001,570057,0,onboarding_lembrete_24h,0,1,,2026-03-19 21:21:20
90002,630001,0,onboarding_lembrete_24h,0,1,,2026-03-19 21:21:20
90003,630002,0,onboarding_lembrete_24h,0,1,,2026-03-19 21:21:21
90004,630003,0,onboarding_lembrete_24h,0,1,,2026-03-19 21:21:22
90005,630004,0,onboarding_lembrete_24h,0,1,,2026-03-19 21:21:22
90006,630006,0,onboarding_lembrete_24h,0,1,,2026-03-19 21:21:23
90007,630007,0,onboarding_lembrete_24h,0,1,,2026-03-19 21:21:24
90008,630008,0,onboarding_lembrete_24h,0,1,,2026-03-19 21:21:24
90009,630009,0,onboarding_lembrete_24h,0,1,,2026-03-19 21:21:25
90010,630011,0,onboarding_lembrete_24h,0,1,,2026-03-19 21:21:26
90011,630012,0,onboarding_lembrete_24h,0,1,,2026-03-19 21:21:27
90012,630013,0,onboarding_lembrete_24h,0,1,,2026-03-19 21:21:28
90013,630014,0,onboarding_lembrete_24h,0,1,,2026-03-19 21:21:29
90014,630015,0,onboarding_lembrete_24h,0,1,,2026-03-19 21:21:30
90015,630016,0,onboarding_lembrete_24h,0,1,,2026-03-19 21:21:30
90016,630018,0,onboarding_lembrete_24h,0,1,,2026-03-19 21:21:31
90017,630019,0,onboarding_lembrete_24h,0,1,,2026-03-19 21:21:32
90018,630020,0,onboarding_lembrete_24h,0,1,,2026-03-19 21:21:37
90019,630021,0,onboarding_lembrete_24h,0,1,,2026-03-19 21:21:38
90020,630022,0,onboarding_lembrete_24h,0,1,,2026-03-19 21:21:38
90021,630024,0,onboarding_lembrete_24h,0,1,,2026-03-19 21:21:39
90022,630025,0,onboarding_lembrete_24h,0,1,,2026-03-19 21:21:39
90023,630026,0,onboarding_lembrete_24h,0,1,,2026-03-19 21:21:40
90024,630027,0,onboarding_lembrete_24h,0,1,,2026-03-19 21:21:41
90025,630028,0,onboarding_lembrete_24h,0,1,,2026-03-19 21:21:42
90026,630030,0,onboarding_lembrete_24h,0,1,,2026-03-19 21:21:43
90027,630031,0,onboarding_lembrete_24h,0,1,,2026-03-19 21:21:43
90028,630032,0,onboarding_lembrete_24h,0,1,,2026-03-19 21:21:44
90029,630033,0,onboarding_lembrete_24h,0,1,,2026-03-19 21:21:44
90030,630034,0,onboarding_lembrete_24h,0,1,,2026-03-19 21:21:45
90031,630036,0,onboarding_lembrete_24h,0,1,,2026-03-19 21:21:45
90032,630037,0,onboarding_lembrete_24h,0,1,,2026-03-19 21:21:46
90033,630038,0,onboarding_lembrete_24h,0,1,,2026-03-19 21:21:46
90034,630039,0,onboarding_lembrete_24h,0,1,,2026-03-19 21:21:47
90035,630040,0,onboarding_lembrete_24h,0,1,,2026-03-19 21:21:48
90036,630042,0,onboarding_lembrete_24h,0,1,,2026-03-19 21:21:48
90037,630043,0,onboarding_lembrete_24h,0,1,,2026-03-19 21:21:49
90038,630044,0,onboarding_lembrete_24h,0,1,,2026-03-19 21:21:50
90039,630045,0,onboarding_lembrete_24h,0,1,,2026-03-19 21:21:51
90040,630046,0,onboarding_lembrete_24h,0,1,,2026-03-19 21:21:51
90041,630048,0,onboarding_lembrete_24h,0,1,,2026-03-19 21:21:52
90042,630049,0,onboarding_lembrete_24h,0,1,,2026-03-19 21:21:52
90043,630050,0,onboarding_lembrete_24h,0,1,,2026-03-19 21:21:53
90044,630051,0,onboarding_lembrete_24h,0,1,,2026-03-19 21:21:54
90045,630052,0,onboarding_lembrete_24h,0,1,,2026-03-19 21:21:54
90046,630053,0,onboarding_lembrete_24h,0,1,,2026-03-19 21:21:55
90047,630055,0,onboarding_lembrete_24h,0,1,,2026-03-19 21:21:56
90048,630056,0,onboarding_lembrete_24h,0,1,,2026-03-19 21:21:57
90049,630057,0,onboarding_lembrete_24h,0,1,,2026-03-19 21:21:57
90050,630058,0,onboarding_lembrete_24h,0,1,,2026-03-19 21:21:58
90051,630059,0,onboarding_lembrete_24h,0,1,,2026-03-19 21:21:59
90052,630061,0,onboarding_lembrete_24h,0,1,,2026-03-19 21:21:59
90053,630062,0,onboarding_lembrete_24h,0,1,,2026-03-19 21:22:00
90054,630063,0,onboarding_lembrete_24h,0,1,,2026-03-19 21:22:01
90055,630064,0,onboarding_lembrete_24h,0,1,,2026-03-19 21:22:01
90056,630065,0,onboarding_lembrete_24h,0,1,,2026-03-19 21:22:02
90057,630067,0,onboarding_lembrete_24h,0,1,,2026-03-19 21:22:02
90058,660002,0,onboarding_lembrete_24h,0,1,,2026-03-19 21:22:03
90059,660003,0,onboarding_lembrete_24h,0,1,,2026-03-19 21:22:04
90060,660004,0,onboarding_lembrete_24h,0,1,,2026-03-19 21:22:04
90061,660005,0,onboarding_lembrete_24h,0,1,,2026-03-19 21:22:05
90062,660007,0,onboarding_lembrete_24h,0,1,,2026-03-19 21:22:06
90063,660008,0,onboarding_lembrete_24h,0,1,,2026-03-19 21:22:06
90064,660009,0,onboarding_lembrete_24h,0,1,,2026-03-19 21:22:07
90065,660010,0,onboarding_lembrete_24h,0,1,,2026-03-19 21:22:07
90066,660011,0,onboarding_lembrete_24h,0,1,,2026-03-19 21:22:08
90067,660013,0,onboarding_lembrete_24h,0,1,,2026-03-19 21:22:09
90068,660015,0,onboarding_lembrete_24h,0,1,,2026-03-19 21:22:09
90069,660016,0,onboarding_lembrete_24h,0,1,,2026-03-19 21:22:10
90070,660017,0,onboarding_lembrete_24h,0,1,,2026-03-19 21:22:11
90071,660018,0,onboarding_lembrete_24h,0,1,,2026-03-19 21:22:12
90072,660020,0,onboarding_lembrete_24h,0,1,,2026-03-19 21:22:12
90073,660021,0,onboarding_lembrete_24h,0,1,,2026-03-19 21:22:13
90074,660022,0,onboarding_lembrete_24h,0,1,,2026-03-19 21:22:13
90075,660023,0,onboarding_lembrete_24h,0,1,,2026-03-19 21:22:14
90076,660024,0,onboarding_lembrete_24h,0,1,,2026-03-19 21:22:15
90077,660026,0,onboarding_lembrete_24h,0,1,,2026-03-19 21:22:15
90078,660027,0,onboarding_lembrete_24h,0,1,,2026-03-19 21:22:16
90079,660028,0,onboarding_lembrete_24h,0,1,,2026-03-19 21:22:22
90080,660029,0,onboarding_lembrete_24h,0,1,,2026-03-19 21:22:22
90081,660030,0,onboarding_lembrete_24h,0,1,,2026-03-19 21:22:23
90082,660032,0,onboarding_lembrete_24h,0,1,,2026-03-19 21:22:24
90083,660033,0,onboarding_lembrete_24h,0,1,,2026-03-19 21:22:24
90084,660034,0,onboarding_lembrete_24h,0,1,,2026-03-19 21:22:25
90085,660035,0,onboarding_lembrete_24h,0,1,,2026-03-19 21:22:26
90086,660036,0,onboarding_lembrete_24h,0,1,,2026-03-19 21:22:26
90087,660038,0,onboarding_lembrete_24h,0,1,,2026-03-19 21:22:27
90088,690001,0,onboarding_lembrete_24h,0,1,,2026-03-19 21:22:28
90089,690002,0,onboarding_lembrete_24h,0,1,,2026-03-19 21:22:29
90090,690003,0,onboarding_lembrete_24h,0,1,,2026-03-19 21:22:29
90091,690004,0,onboarding_lembrete_24h,0,1,,2026-03-19 21:22:31
90092,690006,0,onboarding_lembrete_24h,0,1,,2026-03-19 21:22:32
90093,690007,0,onboarding_lembrete_24h,0,1,,2026-03-19 21:22:32
90094,690008,0,onboarding_lembrete_24h,0,1,,2026-03-19 21:22:33
90095,690009,0,onboarding_lembrete_24h,0,1,,2026-03-19 21:22:34
90096,690010,0,onboarding_lembrete_24h,0,1,,2026-03-19 21:22:34
90097,690012,0,onboarding_lembrete_24h,0,1,,2026-03-19 21:22:35
90098,690013,0,onboarding_lembrete_24h,0,1,,2026-03-19 21:22:36
90099,690014,0,onboarding_lembrete_24h,0,1,,2026-03-19 21:22:37
90100,690015,0,onboarding_lembrete_24h,0,0,"Invalid login: 454-4.7.0 Too many login attempts, please try again later. For more information,
454-4.7.0 go to
454 4.7.0  https://support.google.com/mail/answer/7126229 af79cd13be357-8cfc8f926e0sm21138785a.12 - gsmtp",2026-03-19 21:22:37
90101,690016,0,onboarding_lembrete_24h,0,0,"Invalid login: 454-4.7.0 Too many login attempts, please try again later. For more information,
454-4.7.0 go to
454 4.7.0  https://support.google.com/mail/answer/7126229 6a1803df08f44-89c8534f6dfsm5436056d6.37 - gsmtp",2026-03-19 21:22:37
90102,690018,0,onboarding_lembrete_24h,0,0,"Invalid login: 454-4.7.0 Too many login attempts, please try again later. For more information,
454-4.7.0 go to
454 4.7.0  https://support.google.com/mail/answer/7126229 af79cd13be357-8cfc8f5db89sm21382185a.2 - gsmtp",2026-03-19 21:22:37
90103,690019,0,onboarding_lembrete_24h,0,0,"Invalid login: 454-4.7.0 Too many login attempts, please try again later. For more information,
454-4.7.0 go to
454 4.7.0  https://support.google.com/mail/answer/7126229 af79cd13be357-8cfc9089bebsm20107485a.27 - gsmtp",2026-03-19 21:22:37
90104,690020,0,onboarding_lembrete_24h,0,0,"Invalid login: 454-4.7.0 Too many login attempts, please try again later. For more information,
454-4.7.0 go to
454 4.7.0  https://support.google.com/mail/answer/7126229 6a1803df08f44-89c8525ef07sm6223476d6.21 - gsmtp",2026-03-19 21:22:37
90105,690021,0,onboarding_lembrete_24h,0,0,"Invalid login: 454-4.7.0 Too many login attempts, please try again later. For more information,
454-4.7.0 go to
454 4.7.0  https://support.google.com/mail/answer/7126229 6a1803df08f44-89c85335745sm5645836d6.32 - gsmtp",2026-03-19 21:22:37
90106,690022,0,onboarding_lembrete_24h,0,1,,2026-03-19 21:22:38
90107,690024,0,onboarding_lembrete_24h,0,0,"Invalid login: 454-4.7.0 Too many login attempts, please try again later. For more information,
454-4.7.0 go to
454 4.7.0  https://support.google.com/mail/answer/7126229 d75a77b69052e-50b36cb2e29sm7273791cf.1 - gsmtp",2026-03-19 21:22:38
90108,690025,0,onboarding_lembrete_24h,0,0,"Invalid login: 454-4.7.0 Too many login attempts, please try again later. For more information,
454-4.7.0 go to
454 4.7.0  https://support.google.com/mail/answer/7126229 d75a77b69052e-50b36e9ea39sm5064471cf.28 - gsmtp",2026-03-19 21:22:38
90109,690026,0,onboarding_lembrete_24h,0,0,"Invalid login: 454-4.7.0 Too many login attempts, please try again later. For more information,
454-4.7.0 go to
454 4.7.0  https://support.google.com/mail/answer/7126229 af79cd13be357-8cfc8fc7dbcsm20573685a.21 - gsmtp",2026-03-19 21:22:38
90110,690027,0,onboarding_lembrete_24h,0,0,"Invalid login: 454-4.7.0 Too many login attempts, please try again later. For more information,
454-4.7.0 go to
454 4.7.0  https://support.google.com/mail/answer/7126229 af79cd13be357-8cfc90e6965sm19415185a.44 - gsmtp",2026-03-19 21:22:39
90111,690028,0,onboarding_lembrete_24h,0,0,"Invalid login: 454-4.7.0 Too many login attempts, please try again later. For more information,
454-4.7.0 go to
454 4.7.0  https://support.google.com/mail/answer/7126229 6a1803df08f44-89c85215255sm7362616d6.3 - gsmtp",2026-03-19 21:22:39
90112,690030,0,onboarding_lembrete_24h,0,0,"Invalid login: 454-4.7.0 Too many login attempts, please try again later. For more information,
454-4.7.0 go to
454 4.7.0  https://support.google.com/mail/answer/7126229 6a1803df08f44-89c85335402sm7092586d6.25 - gsmtp",2026-03-19 21:22:39
90113,690015,0,onboarding_lembrete_24h,0,1,,2026-03-19 21:25:09
90114,690016,0,onboarding_lembrete_24h,0,1,,2026-03-19 21:25:14
90115,690018,0,onboarding_lembrete_24h,0,1,,2026-03-19 21:25:18
90116,690019,0,onboarding_lembrete_24h,0,1,,2026-03-19 21:25:21
90117,690020,0,onboarding_lembrete_24h,0,1,,2026-03-19 21:25:24
90118,690021,0,onboarding_lembrete_24h,0,1,,2026-03-19 21:25:26
90119,690024,0,onboarding_lembrete_24h,0,1,,2026-03-19 21:25:29
90120,690025,0,onboarding_lembrete_24h,0,1,,2026-03-19 21:25:30
90121,690026,0,onboarding_lembrete_24h,0,1,,2026-03-19 21:25:33
90122,690027,0,onboarding_lembrete_24h,0,1,,2026-03-19 21:25:39
90123,690028,0,onboarding_lembrete_24h,0,1,,2026-03-19 21:25:41
90124,690030,0,onboarding_lembrete_24h,0,1,,2026-03-19 21:25:45
90125,660014,0,onboarding_lembrete_24h,0,1,,2026-03-19 21:30:38
90126,570089,0,onboarding_lembrete_24h,0,1,,2026-03-19 21:30:38
90127,660014,39,mentoria_30dias,999,1,,2026-03-19 21:38:02
90128,690032,0,onboarding_lembrete_24h,0,1,,2026-03-19 21:48:32
90129,690031,0,onboarding_lembrete_24h,0,1,,2026-03-19 21:48:32
90130,690038,0,onboarding_lembrete_24h,0,1,,2026-03-19 22:02:56
90131,690037,0,onboarding_lembrete_24h,0,1,,2026-03-19 22:03:00
90132,690036,0,onboarding_lembrete_24h,0,1,,2026-03-19 22:03:09
90133,690035,0,onboarding_lembrete_24h,0,1,,2026-03-19 22:03:12
90134,690033,0,onboarding_lembrete_24h,0,1,,2026-03-19 22:03:15
90135,690034,0,onboarding_lembrete_24h,0,1,,2026-03-19 22:03:17
90136,690044,0,onboarding_lembrete_24h,0,1,,2026-03-19 22:21:56
90137,690042,0,onboarding_lembrete_24h,0,1,,2026-03-19 22:21:57
90138,690043,0,onboarding_lembrete_24h,0,1,,2026-03-19 22:21:59
90139,690041,0,onboarding_lembrete_24h,0,1,,2026-03-19 22:22:00
90140,690040,0,onboarding_lembrete_24h,0,1,,2026-03-19 22:22:01
90141,690039,0,onboarding_lembrete_24h,0,1,,2026-03-19 22:22:01
90142,690050,0,onboarding_lembrete_24h,0,1,,2026-03-19 22:41:10
90143,690048,0,onboarding_lembrete_24h,0,1,,2026-03-19 22:41:11
90144,690049,0,onboarding_lembrete_24h,0,1,,2026-03-19 22:41:11
90145,690047,0,onboarding_lembrete_24h,0,1,,2026-03-19 22:41:12
90146,690046,0,onboarding_lembrete_24h,0,1,,2026-03-19 22:41:13
90147,690045,0,onboarding_lembrete_24h,0,1,,2026-03-19 22:41:14
90148,690056,0,onboarding_lembrete_24h,0,1,,2026-03-19 22:45:12
90149,690054,0,onboarding_lembrete_24h,0,1,,2026-03-19 22:45:12
90150,690055,0,onboarding_lembrete_24h,0,1,,2026-03-19 22:45:13
90151,690053,0,onboarding_lembrete_24h,0,1,,2026-03-19 22:45:14
90152,690052,0,onboarding_lembrete_24h,0,1,,2026-03-19 22:45:15
90153,690051,0,onboarding_lembrete_24h,0,1,,2026-03-19 22:45:16
90154,690062,0,onboarding_lembrete_24h,0,1,,2026-03-19 22:54:24
90155,690061,0,onboarding_lembrete_24h,0,1,,2026-03-19 22:54:29
90156,690060,0,onboarding_lembrete_24h,0,1,,2026-03-19 22:54:34
90157,690059,0,onboarding_lembrete_24h,0,1,,2026-03-19 22:54:38
90158,690058,0,onboarding_lembrete_24h,0,1,,2026-03-19 22:54:41
90159,690057,0,onboarding_lembrete_24h,0,1,,2026-03-19 22:54:44
90160,690059,0,onboarding_lembrete_24h,0,1,,2026-03-19 22:54:48
90161,690058,0,onboarding_lembrete_24h,0,1,,2026-03-19 22:54:53
90162,690057,0,onboarding_lembrete_24h,0,1,,2026-03-19 22:55:00
120001,720006,0,onboarding_lembrete_24h,0,1,,2026-03-20 16:26:53
120002,720004,0,onboarding_lembrete_24h,0,1,,2026-03-20 16:26:55
120003,720005,0,onboarding_lembrete_24h,0,1,,2026-03-20 16:27:06
120004,720002,0,onboarding_lembrete_24h,0,1,,2026-03-20 16:27:10
120005,720003,0,onboarding_lembrete_24h,0,1,,2026-03-20 16:27:18
120006,720001,0,onboarding_lembrete_24h,0,1,,2026-03-20 16:27:25
120007,570089,0,onboarding_lembrete_24h,0,1,,2026-03-20 21:35:49
120008,690031,0,onboarding_lembrete_24h,0,1,,2026-03-20 22:03:22
120009,690044,0,onboarding_lembrete_24h,0,1,,2026-03-20 22:31:34
120010,690042,0,onboarding_lembrete_24h,0,1,,2026-03-20 22:31:34
120011,690043,0,onboarding_lembrete_24h,0,1,,2026-03-20 22:31:35
120012,690041,0,onboarding_lembrete_24h,0,1,,2026-03-20 22:31:36
120013,690050,0,onboarding_lembrete_24h,0,1,,2026-03-20 22:44:00
120014,690048,0,onboarding_lembrete_24h,0,1,,2026-03-20 22:44:01
120015,690049,0,onboarding_lembrete_24h,0,1,,2026-03-20 22:44:01
120016,690056,0,onboarding_lembrete_24h,0,1,,2026-03-20 22:52:47
120017,690054,0,onboarding_lembrete_24h,0,1,,2026-03-20 22:52:54
120018,690055,0,onboarding_lembrete_24h,0,1,,2026-03-20 22:52:55
120019,690052,0,onboarding_lembrete_24h,0,1,,2026-03-20 22:53:00
120020,690062,0,onboarding_lembrete_24h,0,1,,2026-03-20 23:02:31
120021,690061,0,onboarding_lembrete_24h,0,1,,2026-03-20 23:02:37
120022,690060,0,onboarding_lembrete_24h,0,1,,2026-03-20 23:02:41
120023,690059,0,onboarding_lembrete_24h,0,1,,2026-03-20 23:02:46
120024,720012,0,onboarding_lembrete_24h,0,1,,2026-03-20 23:45:54
120025,720011,0,onboarding_lembrete_24h,0,1,,2026-03-20 23:45:55
120026,720010,0,onboarding_lembrete_24h,0,1,,2026-03-20 23:45:56
120027,720009,0,onboarding_lembrete_24h,0,1,,2026-03-20 23:45:56
120028,720008,0,onboarding_lembrete_24h,0,1,,2026-03-20 23:45:57
120029,720007,0,onboarding_lembrete_24h,0,1,,2026-03-20 23:45:58
120030,720018,0,onboarding_lembrete_24h,0,1,,2026-03-20 23:56:54
120031,720017,0,onboarding_lembrete_24h,0,1,,2026-03-20 23:56:55
120032,720016,0,onboarding_lembrete_24h,0,1,,2026-03-20 23:56:56
120033,720015,0,onboarding_lembrete_24h,0,1,,2026-03-20 23:56:57
120034,720014,0,onboarding_lembrete_24h,0,1,,2026-03-20 23:56:58
120035,720013,0,onboarding_lembrete_24h,0,1,,2026-03-20 23:56:59
120036,720024,0,onboarding_lembrete_24h,0,1,,2026-03-21 00:41:04
120037,720023,0,onboarding_lembrete_24h,0,1,,2026-03-21 00:41:05
120038,720021,0,onboarding_lembrete_24h,0,1,,2026-03-21 00:41:06
120039,720022,0,onboarding_lembrete_24h,0,1,,2026-03-21 00:41:07
120040,720020,0,onboarding_lembrete_24h,0,1,,2026-03-21 00:41:12
120041,720019,0,onboarding_lembrete_24h,0,1,,2026-03-21 00:41:13
120042,720030,0,onboarding_lembrete_24h,0,0,Connection closed unexpectedly,2026-03-21 00:47:42
120043,720029,0,onboarding_lembrete_24h,0,1,,2026-03-21 00:47:53
120044,720028,0,onboarding_lembrete_24h,0,1,,2026-03-21 00:48:02
120045,720027,0,onboarding_lembrete_24h,0,1,,2026-03-21 00:48:09
120046,720026,0,onboarding_lembrete_24h,0,1,,2026-03-21 00:48:15
120047,720025,0,onboarding_lembrete_24h,0,1,,2026-03-21 00:48:19
120048,720030,0,onboarding_lembrete_24h,0,1,,2026-03-21 01:03:17
120049,660014,0,onboarding_lembrete_24h,0,1,,2026-03-21 01:04:35
120050,30075,0,onboarding_lembrete_24h,0,1,,2026-03-21 01:04:36
120051,30076,0,onboarding_lembrete_24h,0,1,,2026-03-21 01:04:36
120052,30077,0,onboarding_lembrete_24h,0,1,,2026-03-21 01:04:37
120053,30078,0,onboarding_lembrete_24h,0,1,,2026-03-21 01:04:38
120054,30079,0,onboarding_lembrete_24h,0,1,,2026-03-21 01:04:38
120055,30080,0,onboarding_lembrete_24h,0,1,,2026-03-21 01:04:39
120056,30081,0,onboarding_lembrete_24h,0,1,,2026-03-21 01:04:40
120057,30082,0,onboarding_lembrete_24h,0,1,,2026-03-21 01:04:41
120058,30083,0,onboarding_lembrete_24h,0,1,,2026-03-21 01:04:41
120059,30084,0,onboarding_lembrete_24h,0,1,,2026-03-21 01:04:42
120060,30085,0,onboarding_lembrete_24h,0,1,,2026-03-21 01:04:43
120061,30086,0,onboarding_lembrete_24h,0,1,,2026-03-21 01:04:43
120062,30087,0,onboarding_lembrete_24h,0,1,,2026-03-21 01:04:44
120063,30088,0,onboarding_lembrete_24h,0,1,,2026-03-21 01:04:45
120064,30089,0,onboarding_lembrete_24h,0,1,,2026-03-21 01:04:45
120065,30090,0,onboarding_lembrete_24h,0,1,,2026-03-21 01:04:46
120066,30091,0,onboarding_lembrete_24h,0,1,,2026-03-21 01:04:47
120067,30092,0,onboarding_lembrete_24h,0,1,,2026-03-21 01:04:47
120068,30093,0,onboarding_lembrete_24h,0,1,,2026-03-21 01:04:48
120069,30094,0,onboarding_lembrete_24h,0,1,,2026-03-21 01:04:49
120070,30095,0,onboarding_lembrete_24h,0,1,,2026-03-21 01:04:50
120071,30097,0,onboarding_lembrete_24h,0,1,,2026-03-21 01:04:50
120072,30098,0,onboarding_lembrete_24h,0,1,,2026-03-21 01:04:51
120073,30099,0,onboarding_lembrete_24h,0,1,,2026-03-21 01:04:51
120074,30100,0,onboarding_lembrete_24h,0,1,,2026-03-21 01:04:52
120075,30002,0,onboarding_lembrete_24h,0,1,,2026-03-21 01:04:53
120076,30003,0,onboarding_lembrete_24h,0,1,,2026-03-21 01:04:54
120077,30004,0,onboarding_lembrete_24h,0,1,,2026-03-21 01:04:55
120078,30005,0,onboarding_lembrete_24h,0,1,,2026-03-21 01:04:55
120079,30006,0,onboarding_lembrete_24h,0,1,,2026-03-21 01:04:56
120080,30007,0,onboarding_lembrete_24h,0,1,,2026-03-21 01:04:56
120081,30008,0,onboarding_lembrete_24h,0,1,,2026-03-21 01:04:57
120082,30009,0,onboarding_lembrete_24h,0,1,,2026-03-21 01:04:57
120083,30010,0,onboarding_lembrete_24h,0,1,,2026-03-21 01:04:58
120084,30011,0,onboarding_lembrete_24h,0,1,,2026-03-21 01:04:59
120085,30012,0,onboarding_lembrete_24h,0,1,,2026-03-21 01:05:00
120086,30013,0,onboarding_lembrete_24h,0,1,,2026-03-21 01:05:00
120087,30014,0,onboarding_lembrete_24h,0,1,,2026-03-21 01:05:01
120088,30015,0,onboarding_lembrete_24h,0,1,,2026-03-21 01:05:02
120089,30016,0,onboarding_lembrete_24h,0,1,,2026-03-21 01:05:02
120090,30017,0,onboarding_lembrete_24h,0,1,,2026-03-21 01:05:03
120091,30018,0,onboarding_lembrete_24h,0,1,,2026-03-21 01:05:04
120092,30019,0,onboarding_lembrete_24h,0,1,,2026-03-21 01:05:05
120093,30020,0,onboarding_lembrete_24h,0,1,,2026-03-21 01:05:06
120094,30021,0,onboarding_lembrete_24h,0,1,,2026-03-21 01:05:07
120095,30022,0,onboarding_lembrete_24h,0,1,,2026-03-21 01:05:08
120096,30023,0,onboarding_lembrete_24h,0,1,,2026-03-21 01:05:08
120097,30024,0,onboarding_lembrete_24h,0,1,,2026-03-21 01:05:09
120098,30025,0,onboarding_lembrete_24h,0,1,,2026-03-21 01:05:10
120099,30026,0,onboarding_lembrete_24h,0,1,,2026-03-21 01:05:11
120100,30027,0,onboarding_lembrete_24h,0,1,,2026-03-21 01:05:11
120101,30028,0,onboarding_lembrete_24h,0,1,,2026-03-21 01:05:12
120102,30029,0,onboarding_lembrete_24h,0,1,,2026-03-21 01:05:13
120103,30030,0,onboarding_lembrete_24h,0,1,,2026-03-21 01:05:13
120104,30031,0,onboarding_lembrete_24h,0,1,,2026-03-21 01:05:14
120105,30032,0,onboarding_lembrete_24h,0,1,,2026-03-21 01:05:15
120106,30033,0,onboarding_lembrete_24h,0,1,,2026-03-21 01:05:16
120107,30034,0,onboarding_lembrete_24h,0,1,,2026-03-21 01:05:16
120108,30035,0,onboarding_lembrete_24h,0,1,,2026-03-21 01:05:17
120109,30036,0,onboarding_lembrete_24h,0,1,,2026-03-21 01:05:17
120110,30037,0,onboarding_lembrete_24h,0,1,,2026-03-21 01:05:18
120111,30038,0,onboarding_lembrete_24h,0,1,,2026-03-21 01:05:18
120112,30039,0,onboarding_lembrete_24h,0,1,,2026-03-21 01:05:19
120113,30040,0,onboarding_lembrete_24h,0,1,,2026-03-21 01:05:20
120114,30041,0,onboarding_lembrete_24h,0,1,,2026-03-21 01:05:20
120115,30042,0,onboarding_lembrete_24h,0,1,,2026-03-21 01:05:21
120116,30043,0,onboarding_lembrete_24h,0,1,,2026-03-21 01:05:21
120117,30045,0,onboarding_lembrete_24h,0,1,,2026-03-21 01:05:22
120118,30046,0,onboarding_lembrete_24h,0,1,,2026-03-21 01:05:23
120119,30047,0,onboarding_lembrete_24h,0,1,,2026-03-21 01:05:23
120120,30048,0,onboarding_lembrete_24h,0,1,,2026-03-21 01:05:24
120121,30049,0,onboarding_lembrete_24h,0,1,,2026-03-21 01:05:25
120122,30050,0,onboarding_lembrete_24h,0,1,,2026-03-21 01:05:25
120123,30051,0,onboarding_lembrete_24h,0,1,,2026-03-21 01:05:26
120124,30052,0,onboarding_lembrete_24h,0,1,,2026-03-21 01:05:26
120125,30053,0,onboarding_lembrete_24h,0,1,,2026-03-21 01:05:27
120126,30054,0,onboarding_lembrete_24h,0,1,,2026-03-21 01:05:28
120127,30055,0,onboarding_lembrete_24h,0,1,,2026-03-21 01:05:28
120128,30056,0,onboarding_lembrete_24h,0,1,,2026-03-21 01:05:29
120129,30057,0,onboarding_lembrete_24h,0,1,,2026-03-21 01:05:30
120130,30058,0,onboarding_lembrete_24h,0,1,,2026-03-21 01:05:31
120131,30059,0,onboarding_lembrete_24h,0,1,,2026-03-21 01:05:31
120132,30060,0,onboarding_lembrete_24h,0,1,,2026-03-21 01:05:32
120133,30061,0,onboarding_lembrete_24h,0,1,,2026-03-21 01:05:32
120134,30063,0,onboarding_lembrete_24h,0,1,,2026-03-21 01:05:33
120135,30064,0,onboarding_lembrete_24h,0,1,,2026-03-21 01:05:34
120136,30065,0,onboarding_lembrete_24h,0,1,,2026-03-21 01:05:34
120137,30066,0,onboarding_lembrete_24h,0,1,,2026-03-21 01:05:35
120138,30067,0,onboarding_lembrete_24h,0,1,,2026-03-21 01:05:36
120139,30068,0,onboarding_lembrete_24h,0,1,,2026-03-21 01:05:36
120140,30069,0,onboarding_lembrete_24h,0,1,,2026-03-21 01:05:37
120141,30070,0,onboarding_lembrete_24h,0,1,,2026-03-21 01:05:38
120142,30071,0,onboarding_lembrete_24h,0,1,,2026-03-21 01:05:39
120143,30072,0,onboarding_lembrete_24h,0,1,,2026-03-21 01:05:39
120144,30073,0,onboarding_lembrete_24h,0,1,,2026-03-21 01:05:40
120145,30074,0,onboarding_lembrete_24h,0,1,,2026-03-21 01:05:41
120146,30001,0,onboarding_lembrete_24h,0,1,,2026-03-21 01:05:41
150001,720006,0,onboarding_lembrete_24h,0,1,,2026-03-21 16:36:19
150002,720005,0,onboarding_lembrete_24h,0,1,,2026-03-21 16:36:24
150003,720002,0,onboarding_lembrete_24h,0,1,,2026-03-21 16:36:28
150004,720003,0,onboarding_lembrete_24h,0,1,,2026-03-21 16:36:32
180001,750006,0,onboarding_lembrete_24h,0,1,,2026-03-21 19:45:24
180002,750004,0,onboarding_lembrete_24h,0,1,,2026-03-21 19:45:25
180003,750005,0,onboarding_lembrete_24h,0,1,,2026-03-21 19:45:26
180004,750003,0,onboarding_lembrete_24h,0,1,,2026-03-21 19:45:27
180005,750002,0,onboarding_lembrete_24h,0,1,,2026-03-21 19:45:28
180006,750001,0,onboarding_lembrete_24h,0,1,,2026-03-21 19:45:29
180007,750012,0,onboarding_lembrete_24h,0,1,,2026-03-21 19:51:52
180008,750011,0,onboarding_lembrete_24h,0,1,,2026-03-21 19:52:00
180009,750010,0,onboarding_lembrete_24h,0,1,,2026-03-21 19:52:07
180010,750009,0,onboarding_lembrete_24h,0,1,,2026-03-21 19:52:08
180011,750008,0,onboarding_lembrete_24h,0,1,,2026-03-21 19:52:10
180012,750007,0,onboarding_lembrete_24h,0,1,,2026-03-21 19:52:14
180013,750018,0,onboarding_lembrete_24h,0,1,,2026-03-21 19:58:39
180014,750017,0,onboarding_lembrete_24h,0,1,,2026-03-21 19:58:41
180015,750016,0,onboarding_lembrete_24h,0,1,,2026-03-21 19:58:42
180016,750015,0,onboarding_lembrete_24h,0,1,,2026-03-21 19:58:43
180017,750014,0,onboarding_lembrete_24h,0,1,,2026-03-21 19:58:44
180018,750013,0,onboarding_lembrete_24h,0,1,,2026-03-21 19:58:45
180019,750024,0,onboarding_lembrete_24h,0,1,,2026-03-21 20:18:42
180020,750024,0,onboarding_lembrete_24h,0,1,,2026-03-21 20:18:45
180021,750023,0,onboarding_lembrete_24h,0,1,,2026-03-21 20:18:51
180022,750023,0,onboarding_lembrete_24h,0,1,,2026-03-21 20:18:54
180023,750022,0,onboarding_lembrete_24h,0,1,,2026-03-21 20:18:57
180024,750022,0,onboarding_lembrete_24h,0,1,,2026-03-21 20:18:59
180025,750021,0,onboarding_lembrete_24h,0,1,,2026-03-21 20:19:01
180026,750021,0,onboarding_lembrete_24h,0,1,,2026-03-21 20:19:02
180027,750020,0,onboarding_lembrete_24h,0,1,,2026-03-21 20:19:03
180028,750021,0,onboarding_lembrete_24h,0,1,,2026-03-21 20:19:03
180029,750020,0,onboarding_lembrete_24h,0,1,,2026-03-21 20:19:06
180030,750020,0,onboarding_lembrete_24h,0,1,,2026-03-21 20:19:07
180031,750019,0,onboarding_lembrete_24h,0,1,,2026-03-21 20:19:09
180032,750019,0,onboarding_lembrete_24h,0,1,,2026-03-21 20:19:09
180033,750019,0,onboarding_lembrete_24h,0,1,,2026-03-21 20:19:11
210001,690031,0,onboarding_lembrete_24h,0,1,,2026-03-21 22:10:00
210002,570089,0,onboarding_lembrete_24h,0,1,,2026-03-21 22:10:09
210003,690031,0,onboarding_lembrete_24h,0,1,,2026-03-21 22:10:10
210004,570089,0,onboarding_lembrete_24h,0,1,,2026-03-21 22:10:18
210005,780006,0,onboarding_lembrete_24h,0,1,,2026-03-21 22:35:30
210006,780004,0,onboarding_lembrete_24h,0,1,,2026-03-21 22:35:45
210007,780005,0,onboarding_lembrete_24h,0,1,,2026-03-21 22:35:49
210008,780003,0,onboarding_lembrete_24h,0,1,,2026-03-21 22:35:52
210009,780002,0,onboarding_lembrete_24h,0,1,,2026-03-21 22:35:55
210010,780001,0,onboarding_lembrete_24h,0,1,,2026-03-21 22:35:58
210011,690044,0,onboarding_lembrete_24h,0,1,,2026-03-21 22:36:01
210012,780003,0,onboarding_lembrete_24h,0,1,,2026-03-21 22:36:01
210013,690042,0,onboarding_lembrete_24h,0,1,,2026-03-21 22:36:03
210014,780002,0,onboarding_lembrete_24h,0,1,,2026-03-21 22:36:05
210015,690043,0,onboarding_lembrete_24h,0,1,,2026-03-21 22:36:08
210016,780001,0,onboarding_lembrete_24h,0,1,,2026-03-21 22:36:10
210017,690041,0,onboarding_lembrete_24h,0,1,,2026-03-21 22:36:10
210018,690044,0,onboarding_lembrete_24h,0,1,,2026-03-21 22:36:12
210019,690042,0,onboarding_lembrete_24h,0,1,,2026-03-21 22:36:17
210020,690043,0,onboarding_lembrete_24h,0,1,,2026-03-21 22:36:23
210021,690041,0,onboarding_lembrete_24h,0,1,,2026-03-21 22:36:25
210022,780012,0,onboarding_lembrete_24h,0,1,,2026-03-21 22:43:36
210023,780011,0,onboarding_lembrete_24h,0,1,,2026-03-21 22:43:41
210024,780012,0,onboarding_lembrete_24h,0,0,Connection closed unexpectedly,2026-03-21 22:43:47
210025,780010,0,onboarding_lembrete_24h,0,1,,2026-03-21 22:43:47
210026,780009,0,onboarding_lembrete_24h,0,1,,2026-03-21 22:43:50
210027,780008,0,onboarding_lembrete_24h,0,1,,2026-03-21 22:43:52
210028,780010,0,onboarding_lembrete_24h,0,1,,2026-03-21 22:43:53
210029,780007,0,onboarding_lembrete_24h,0,1,,2026-03-21 22:43:54
210030,780009,0,onboarding_lembrete_24h,0,1,,2026-03-21 22:43:58
210031,780011,0,onboarding_lembrete_24h,0,1,,2026-03-21 22:44:00
210032,690050,0,onboarding_lembrete_24h,0,1,,2026-03-21 22:44:01
210033,780010,0,onboarding_lembrete_24h,0,1,,2026-03-21 22:44:05
210034,780009,0,onboarding_lembrete_24h,0,1,,2026-03-21 22:44:09
210035,780008,0,onboarding_lembrete_24h,0,1,,2026-03-21 22:44:13
210036,780007,0,onboarding_lembrete_24h,0,1,,2026-03-21 22:44:17
210037,780008,0,onboarding_lembrete_24h,0,0,Connection closed unexpectedly,2026-03-21 22:44:19
210038,780007,0,onboarding_lembrete_24h,0,1,,2026-03-21 22:44:28
210039,690048,0,onboarding_lembrete_24h,0,1,,2026-03-21 22:49:35
210040,690049,0,onboarding_lembrete_24h,0,1,,2026-03-21 22:49:36
210041,780024,0,onboarding_lembrete_24h,0,1,,2026-03-21 22:56:18
210042,780023,0,onboarding_lembrete_24h,0,1,,2026-03-21 22:56:24
210043,780022,0,onboarding_lembrete_24h,0,1,,2026-03-21 22:56:31
210044,780021,0,onboarding_lembrete_24h,0,1,,2026-03-21 22:56:33
210045,780019,0,onboarding_lembrete_24h,0,1,,2026-03-21 22:56:38
210046,780020,0,onboarding_lembrete_24h,0,1,,2026-03-21 22:56:46
210047,780018,0,onboarding_lembrete_24h,0,1,,2026-03-21 22:56:48
210048,780017,0,onboarding_lembrete_24h,0,1,,2026-03-21 22:56:52
210049,780024,0,onboarding_lembrete_24h,0,0,Client network socket disconnected before secure TLS connection was established,2026-03-21 22:56:53
210050,780016,0,onboarding_lembrete_24h,0,1,,2026-03-21 22:56:57
210051,780023,0,onboarding_lembrete_24h,0,1,,2026-03-21 22:57:00
210052,780015,0,onboarding_lembrete_24h,0,1,,2026-03-21 22:57:01
210053,780014,0,onboarding_lembrete_24h,0,1,,2026-03-21 22:57:04
210054,780022,0,onboarding_lembrete_24h,0,1,,2026-03-21 22:57:05
210055,780013,0,onboarding_lembrete_24h,0,1,,2026-03-21 22:57:09
210056,780021,0,onboarding_lembrete_24h,0,1,,2026-03-21 22:57:09
210057,780019,0,onboarding_lembrete_24h,0,1,,2026-03-21 22:57:13
210058,690056,0,onboarding_lembrete_24h,0,1,,2026-03-21 22:57:13
210059,690054,0,onboarding_lembrete_24h,0,1,,2026-03-21 22:57:16
210060,780020,0,onboarding_lembrete_24h,0,1,,2026-03-21 22:57:17
210061,690055,0,onboarding_lembrete_24h,0,1,,2026-03-21 22:57:19
210062,780018,0,onboarding_lembrete_24h,0,1,,2026-03-21 22:57:20
210063,780017,0,onboarding_lembrete_24h,0,1,,2026-03-21 22:57:23
210064,690052,0,onboarding_lembrete_24h,0,1,,2026-03-21 22:57:24
210065,780016,0,onboarding_lembrete_24h,0,1,,2026-03-21 22:57:26
210066,780015,0,onboarding_lembrete_24h,0,1,,2026-03-21 22:57:29
210067,780014,0,onboarding_lembrete_24h,0,1,,2026-03-21 22:57:32
210068,780013,0,onboarding_lembrete_24h,0,1,,2026-03-21 22:57:35
210069,690056,0,onboarding_lembrete_24h,0,1,,2026-03-21 22:57:39
210070,690054,0,onboarding_lembrete_24h,0,1,,2026-03-21 22:57:42
210071,690055,0,onboarding_lembrete_24h,0,1,,2026-03-21 22:57:46
210072,690052,0,onboarding_lembrete_24h,0,1,,2026-03-21 22:57:49
210073,780030,0,onboarding_lembrete_24h,0,1,,2026-03-21 23:31:52
210074,780029,0,onboarding_lembrete_24h,0,1,,2026-03-21 23:32:14
210075,780028,0,onboarding_lembrete_24h,0,1,,2026-03-21 23:32:21
210076,780027,0,onboarding_lembrete_24h,0,1,,2026-03-21 23:32:25
210077,780026,0,onboarding_lembrete_24h,0,1,,2026-03-21 23:32:28
210078,780025,0,onboarding_lembrete_24h,0,1,,2026-03-21 23:32:31
210079,690062,0,onboarding_lembrete_24h,0,1,,2026-03-21 23:32:35
210080,690061,0,onboarding_lembrete_24h,0,1,,2026-03-21 23:32:38
210081,690060,0,onboarding_lembrete_24h,0,1,,2026-03-21 23:32:42
210082,690059,0,onboarding_lembrete_24h,0,1,,2026-03-21 23:32:45
210083,30048,35,mentoria_30dias,30,1,,2026-03-22 00:01:44
210084,30051,35,mentoria_30dias,30,1,,2026-03-22 00:01:49
210085,30072,35,mentoria_30dias,30,1,,2026-03-22 00:01:53
210086,30048,35,mentoria_30dias,30,1,,2026-03-22 00:02:07
210087,30051,35,mentoria_30dias,30,1,,2026-03-22 00:02:09
210088,30072,35,mentoria_30dias,30,1,,2026-03-22 00:02:14
210089,780036,0,onboarding_lembrete_24h,0,1,,2026-03-22 00:29:38
210090,780035,0,onboarding_lembrete_24h,0,1,,2026-03-22 00:29:45
210091,780034,0,onboarding_lembrete_24h,0,1,,2026-03-22 00:29:53
210092,780033,0,onboarding_lembrete_24h,0,1,,2026-03-22 00:29:58
210093,780032,0,onboarding_lembrete_24h,0,1,,2026-03-22 00:30:02
210094,780031,0,onboarding_lembrete_24h,0,1,,2026-03-22 00:30:07
210095,720018,0,onboarding_lembrete_24h,0,1,,2026-03-22 00:30:10
210096,720017,0,onboarding_lembrete_24h,0,1,,2026-03-22 00:30:15
210097,720016,0,onboarding_lembrete_24h,0,1,,2026-03-22 00:30:19
210098,720015,0,onboarding_lembrete_24h,0,1,,2026-03-22 00:30:24
210099,720014,0,onboarding_lembrete_24h,0,1,,2026-03-22 00:30:28
210100,720013,0,onboarding_lembrete_24h,0,1,,2026-03-22 00:30:32
210101,720012,0,onboarding_lembrete_24h,0,1,,2026-03-22 00:30:36
210102,720011,0,onboarding_lembrete_24h,0,1,,2026-03-22 00:30:41
210103,720010,0,onboarding_lembrete_24h,0,1,,2026-03-22 00:30:45
210104,720009,0,onboarding_lembrete_24h,0,1,,2026-03-22 00:30:48
210105,720008,0,onboarding_lembrete_24h,0,1,,2026-03-22 00:30:52
210106,720007,0,onboarding_lembrete_24h,0,1,,2026-03-22 00:30:55
210107,720024,0,onboarding_lembrete_24h,0,1,,2026-03-22 00:42:24
210108,720023,0,onboarding_lembrete_24h,0,1,,2026-03-22 00:42:28
210109,720021,0,onboarding_lembrete_24h,0,1,,2026-03-22 00:42:34
210110,720022,0,onboarding_lembrete_24h,0,1,,2026-03-22 00:42:37
210111,720020,0,onboarding_lembrete_24h,0,1,,2026-03-22 00:42:41
210112,720019,0,onboarding_lembrete_24h,0,1,,2026-03-22 00:42:44
240001,720030,0,onboarding_lembrete_24h,0,1,,2026-03-22 01:18:32
240002,720029,0,onboarding_lembrete_24h,0,1,,2026-03-22 01:18:38
240003,720028,0,onboarding_lembrete_24h,0,1,,2026-03-22 01:18:44
240004,720027,0,onboarding_lembrete_24h,0,1,,2026-03-22 01:18:48
240005,720026,0,onboarding_lembrete_24h,0,1,,2026-03-22 01:18:51
240006,720025,0,onboarding_lembrete_24h,0,1,,2026-03-22 01:18:55
270001,720006,0,onboarding_lembrete_24h,0,1,,2026-03-22 16:56:00
270002,720005,0,onboarding_lembrete_24h,0,1,,2026-03-22 16:56:04
270003,720002,0,onboarding_lembrete_24h,0,1,,2026-03-22 16:56:09
270004,720003,0,onboarding_lembrete_24h,0,1,,2026-03-22 16:56:13
300001,750006,0,onboarding_lembrete_24h,0,1,,2026-03-22 19:48:52
300002,750004,0,onboarding_lembrete_24h,0,1,,2026-03-22 19:48:58
300003,750005,0,onboarding_lembrete_24h,0,1,,2026-03-22 19:49:05
300004,750003,0,onboarding_lembrete_24h,0,1,,2026-03-22 19:49:08
300005,750002,0,onboarding_lembrete_24h,0,1,,2026-03-22 19:49:12
300006,750001,0,onboarding_lembrete_24h,0,1,,2026-03-22 19:49:16
330001,750024,0,onboarding_lembrete_24h,0,1,,2026-03-22 21:21:31
330002,750023,0,onboarding_lembrete_24h,0,1,,2026-03-22 21:21:34
330003,750022,0,onboarding_lembrete_24h,0,1,,2026-03-22 21:21:40
330004,750021,0,onboarding_lembrete_24h,0,1,,2026-03-22 21:21:44
330005,750020,0,onboarding_lembrete_24h,0,1,,2026-03-22 21:21:50
330006,750019,0,onboarding_lembrete_24h,0,1,,2026-03-22 21:21:53
330007,750018,0,onboarding_lembrete_24h,0,1,,2026-03-22 21:22:07
330008,750017,0,onboarding_lembrete_24h,0,1,,2026-03-22 21:22:11
330009,750016,0,onboarding_lembrete_24h,0,1,,2026-03-22 21:22:16
330010,750015,0,onboarding_lembrete_24h,0,1,,2026-03-22 21:22:20
330011,750014,0,onboarding_lembrete_24h,0,1,,2026-03-22 21:22:24
330012,750013,0,onboarding_lembrete_24h,0,1,,2026-03-22 21:22:27
330013,750012,0,onboarding_lembrete_24h,0,1,,2026-03-22 21:22:32
330014,750011,0,onboarding_lembrete_24h,0,1,,2026-03-22 21:22:36
330015,750010,0,onboarding_lembrete_24h,0,1,,2026-03-22 21:22:39
330016,750009,0,onboarding_lembrete_24h,0,1,,2026-03-22 21:22:42
330017,750008,0,onboarding_lembrete_24h,0,1,,2026-03-22 21:22:46
330018,750007,0,onboarding_lembrete_24h,0,1,,2026-03-22 21:22:49
360001,780012,0,onboarding_lembrete_24h,0,1,,2026-03-22 22:55:53
360002,780011,0,onboarding_lembrete_24h,0,1,,2026-03-22 22:55:58
360003,780010,0,onboarding_lembrete_24h,0,1,,2026-03-22 22:56:03
360004,780009,0,onboarding_lembrete_24h,0,1,,2026-03-22 22:56:07
360005,780008,0,onboarding_lembrete_24h,0,1,,2026-03-22 22:56:11
360006,780007,0,onboarding_lembrete_24h,0,1,,2026-03-22 22:56:15
360007,780006,0,onboarding_lembrete_24h,0,1,,2026-03-22 22:56:19
360008,780004,0,onboarding_lembrete_24h,0,1,,2026-03-22 22:56:22
360009,780005,0,onboarding_lembrete_24h,0,1,,2026-03-22 22:56:27
360010,780003,0,onboarding_lembrete_24h,0,1,,2026-03-22 22:56:31
360011,780002,0,onboarding_lembrete_24h,0,1,,2026-03-22 22:56:34
360012,780001,0,onboarding_lembrete_24h,0,1,,2026-03-22 22:56:39
360013,690050,0,onboarding_lembrete_24h,0,1,,2026-03-22 22:56:43
360014,690048,0,onboarding_lembrete_24h,0,1,,2026-03-22 22:56:47
360015,690049,0,onboarding_lembrete_24h,0,1,,2026-03-22 22:56:52
360016,690044,0,onboarding_lembrete_24h,0,1,,2026-03-22 22:56:56
360017,690042,0,onboarding_lembrete_24h,0,1,,2026-03-22 22:56:59
360018,690043,0,onboarding_lembrete_24h,0,1,,2026-03-22 22:57:03
360019,690041,0,onboarding_lembrete_24h,0,1,,2026-03-22 22:57:07
360020,690031,0,onboarding_lembrete_24h,0,1,,2026-03-22 22:57:11
360021,570089,0,onboarding_lembrete_24h,0,1,,2026-03-22 22:57:14
390001,780036,0,onboarding_lembrete_24h,0,1,,2026-03-23 02:41:54
390002,30040,0,vencimento_ciclo_7d,7,1,,2026-03-23 02:41:55
390003,780035,0,onboarding_lembrete_24h,0,1,,2026-03-23 02:42:03
390004,30036,0,vencimento_ciclo_7d,7,1,,2026-03-23 02:42:05
390005,30034,0,vencimento_ciclo_7d,7,1,,2026-03-23 02:42:14
390006,780034,0,onboarding_lembrete_24h,0,1,,2026-03-23 02:42:15
390007,30039,0,vencimento_ciclo_7d,7,1,,2026-03-23 02:42:17
390008,780033,0,onboarding_lembrete_24h,0,1,,2026-03-23 02:42:19
390009,30041,0,vencimento_ciclo_7d,7,1,,2026-03-23 02:42:21
390010,780032,0,onboarding_lembrete_24h,0,1,,2026-03-23 02:42:21
390011,780031,0,onboarding_lembrete_24h,0,1,,2026-03-23 02:42:22
390012,30042,0,vencimento_ciclo_7d,7,1,,2026-03-23 02:42:22
390013,780030,0,onboarding_lembrete_24h,0,1,,2026-03-23 02:42:24
390014,30043,0,vencimento_ciclo_7d,7,1,,2026-03-23 02:42:24
390015,780029,0,onboarding_lembrete_24h,0,1,,2026-03-23 02:42:25
390016,30046,0,vencimento_ciclo_7d,7,1,,2026-03-23 02:42:26
390017,780028,0,onboarding_lembrete_24h,0,1,,2026-03-23 02:42:31
390018,30045,0,vencimento_ciclo_7d,7,1,,2026-03-23 02:42:31
390019,780027,0,onboarding_lembrete_24h,0,1,,2026-03-23 02:42:35
390020,30034,0,vencimento_ciclo_7d,7,1,,2026-03-23 02:42:36
390021,780026,0,onboarding_lembrete_24h,0,1,,2026-03-23 02:42:43
390022,30035,0,vencimento_ciclo_7d,7,1,,2026-03-23 02:42:44
390023,30036,0,vencimento_ciclo_7d,7,1,,2026-03-23 02:42:50
390024,780025,0,onboarding_lembrete_24h,0,1,,2026-03-23 02:42:51
390025,30037,0,vencimento_ciclo_7d,7,1,,2026-03-23 02:42:57
390026,780024,0,onboarding_lembrete_24h,0,1,,2026-03-23 02:42:57
390027,30038,0,vencimento_ciclo_7d,7,1,,2026-03-23 02:43:03
390028,780023,0,onboarding_lembrete_24h,0,1,,2026-03-23 02:43:06
390029,30039,0,vencimento_ciclo_7d,7,1,,2026-03-23 02:43:11
390030,780022,0,onboarding_lembrete_24h,0,1,,2026-03-23 02:43:13
390031,30040,0,vencimento_ciclo_7d,7,1,,2026-03-23 02:43:19
390032,780021,0,onboarding_lembrete_24h,0,1,,2026-03-23 02:43:21
390033,30041,0,vencimento_ciclo_7d,7,1,,2026-03-23 02:43:25
390034,780019,0,onboarding_lembrete_24h,0,1,,2026-03-23 02:43:27
390035,30042,0,vencimento_ciclo_7d,7,1,,2026-03-23 02:43:34
390036,780020,0,onboarding_lembrete_24h,0,1,,2026-03-23 02:43:37
390037,30043,0,vencimento_ciclo_7d,7,1,,2026-03-23 02:43:45
390038,780018,0,onboarding_lembrete_24h,0,1,,2026-03-23 02:43:46
390039,30046,0,vencimento_ciclo_7d,7,1,,2026-03-23 02:43:52
390040,780017,0,onboarding_lembrete_24h,0,1,,2026-03-23 02:43:53
390041,30045,0,vencimento_ciclo_7d,7,1,,2026-03-23 02:43:58
390042,780016,0,onboarding_lembrete_24h,0,1,,2026-03-23 02:44:00
390043,30038,0,vencimento_ciclo_7d,7,1,,2026-03-23 02:44:04
390044,780015,0,onboarding_lembrete_24h,0,1,,2026-03-23 02:44:07
390045,30035,0,vencimento_ciclo_7d,7,1,,2026-03-23 02:44:10
390046,780014,0,onboarding_lembrete_24h,0,1,,2026-03-23 02:44:13
390047,30037,0,vencimento_ciclo_7d,7,1,,2026-03-23 02:44:16
390048,780013,0,onboarding_lembrete_24h,0,1,,2026-03-23 02:44:19
390049,720030,0,onboarding_lembrete_24h,0,1,,2026-03-23 02:44:22
390050,720029,0,onboarding_lembrete_24h,0,1,,2026-03-23 02:44:27
390051,720028,0,onboarding_lembrete_24h,0,1,,2026-03-23 02:44:31
390052,720027,0,onboarding_lembrete_24h,0,1,,2026-03-23 02:44:35
390053,720026,0,onboarding_lembrete_24h,0,1,,2026-03-23 02:44:39
390054,720025,0,onboarding_lembrete_24h,0,1,,2026-03-23 02:44:42
390055,720024,0,onboarding_lembrete_24h,0,1,,2026-03-23 02:44:45
390056,720023,0,onboarding_lembrete_24h,0,1,,2026-03-23 02:44:48
390057,720021,0,onboarding_lembrete_24h,0,1,,2026-03-23 02:44:52
390058,720022,0,onboarding_lembrete_24h,0,1,,2026-03-23 02:44:56
390059,720020,0,onboarding_lembrete_24h,0,1,,2026-03-23 02:44:59
390060,720019,0,onboarding_lembrete_24h,0,1,,2026-03-23 02:45:02
390061,720018,0,onboarding_lembrete_24h,0,1,,2026-03-23 02:45:04
390062,720017,0,onboarding_lembrete_24h,0,1,,2026-03-23 02:45:08
390063,720016,0,onboarding_lembrete_24h,0,1,,2026-03-23 02:45:11
390064,720015,0,onboarding_lembrete_24h,0,1,,2026-03-23 02:45:15
390065,720014,0,onboarding_lembrete_24h,0,1,,2026-03-23 02:45:18
390066,720013,0,onboarding_lembrete_24h,0,1,,2026-03-23 02:45:21
390067,720012,0,onboarding_lembrete_24h,0,1,,2026-03-23 02:45:25
390068,720011,0,onboarding_lembrete_24h,0,1,,2026-03-23 02:45:28
390069,720010,0,onboarding_lembrete_24h,0,1,,2026-03-23 02:45:31
390070,720009,0,onboarding_lembrete_24h,0,1,,2026-03-23 02:45:34
390071,720008,0,onboarding_lembrete_24h,0,1,,2026-03-23 02:45:39
390072,720007,0,onboarding_lembrete_24h,0,1,,2026-03-23 02:45:43
390073,690062,0,onboarding_lembrete_24h,0,1,,2026-03-23 02:45:46
390074,690061,0,onboarding_lembrete_24h,0,1,,2026-03-23 02:45:49
390075,690060,0,onboarding_lembrete_24h,0,1,,2026-03-23 02:45:51
390076,690059,0,onboarding_lembrete_24h,0,1,,2026-03-23 02:45:54
390077,690056,0,onboarding_lembrete_24h,0,1,,2026-03-23 02:45:57
390078,690054,0,onboarding_lembrete_24h,0,1,,2026-03-23 02:46:00
390079,690055,0,onboarding_lembrete_24h,0,1,,2026-03-23 02:46:03
390080,690052,0,onboarding_lembrete_24h,0,1,,2026-03-23 02:46:07
420005,30049,0,vencimento_ciclo_7d,7,1,,2026-03-23 13:46:33
420006,30050,0,vencimento_ciclo_7d,7,1,,2026-03-23 13:46:36
420007,30051,0,vencimento_ciclo_7d,7,1,,2026-03-23 13:46:37
420008,30052,0,vencimento_ciclo_7d,7,1,,2026-03-23 13:46:38
420009,30053,0,vencimento_ciclo_7d,7,1,,2026-03-23 13:46:38
420010,30054,0,vencimento_ciclo_7d,7,1,,2026-03-23 13:46:39
420011,30055,0,vencimento_ciclo_7d,7,1,,2026-03-23 13:46:40
420012,30056,0,vencimento_ciclo_7d,7,1,,2026-03-23 13:46:41
420013,30057,0,vencimento_ciclo_7d,7,1,,2026-03-23 13:46:42
420014,30058,0,vencimento_ciclo_7d,7,1,,2026-03-23 13:46:43
420015,30059,0,vencimento_ciclo_7d,7,1,,2026-03-23 13:46:43
420016,30060,0,vencimento_ciclo_7d,7,1,,2026-03-23 13:46:44
420017,30061,0,vencimento_ciclo_7d,7,1,,2026-03-23 13:46:45
420018,30063,0,vencimento_ciclo_7d,7,1,,2026-03-23 13:46:45
420019,30064,0,vencimento_ciclo_7d,7,1,,2026-03-23 13:46:46
420020,30065,0,vencimento_ciclo_7d,7,1,,2026-03-23 13:46:47
420021,30066,0,vencimento_ciclo_7d,7,1,,2026-03-23 13:46:48
420022,30067,0,vencimento_ciclo_7d,7,1,,2026-03-23 13:46:49
420023,30068,0,vencimento_ciclo_7d,7,1,,2026-03-23 13:46:49
420024,30069,0,vencimento_ciclo_7d,7,1,,2026-03-23 13:46:50
420025,30070,0,vencimento_ciclo_7d,7,1,,2026-03-23 13:46:51
420026,30071,0,vencimento_ciclo_7d,7,1,,2026-03-23 13:46:52
420027,30072,0,vencimento_ciclo_7d,7,1,,2026-03-23 13:46:53
420028,30073,0,vencimento_ciclo_7d,7,1,,2026-03-23 13:46:54
420029,30074,0,vencimento_ciclo_7d,7,1,,2026-03-23 13:46:55
420030,30075,0,vencimento_ciclo_7d,7,1,,2026-03-23 13:46:55
420031,30076,0,vencimento_ciclo_7d,7,1,,2026-03-23 13:46:56
420032,30077,0,vencimento_ciclo_7d,7,1,,2026-03-23 13:46:57
420033,30078,0,vencimento_ciclo_7d,7,1,,2026-03-23 13:46:59
420034,30047,0,vencimento_ciclo_7d,7,1,,2026-03-23 14:18:25
420035,30048,0,vencimento_ciclo_7d,7,1,,2026-03-23 14:18:27
420036,810012,0,onboarding_lembrete_24h,0,1,,2026-03-23 14:56:40
420037,810011,0,onboarding_lembrete_24h,0,1,,2026-03-23 14:56:46
420038,810010,0,onboarding_lembrete_24h,0,1,,2026-03-23 14:56:54
420039,810009,0,onboarding_lembrete_24h,0,1,,2026-03-23 14:56:59
420040,810010,0,onboarding_lembrete_24h,0,1,,2026-03-23 14:57:00
420041,810008,0,onboarding_lembrete_24h,0,1,,2026-03-23 14:57:04
420042,810009,0,onboarding_lembrete_24h,0,1,,2026-03-23 14:57:07
420043,810007,0,onboarding_lembrete_24h,0,1,,2026-03-23 14:57:09
420044,810006,0,onboarding_lembrete_24h,0,1,,2026-03-23 14:57:13
420045,810012,0,onboarding_lembrete_24h,0,1,,2026-03-23 14:57:21
420046,810005,0,onboarding_lembrete_24h,0,1,,2026-03-23 14:57:23
420047,810008,0,onboarding_lembrete_24h,0,1,,2026-03-23 14:57:26
420048,810011,0,onboarding_lembrete_24h,0,1,,2026-03-23 14:57:29
420049,810007,0,onboarding_lembrete_24h,0,1,,2026-03-23 14:57:30
420050,810006,0,onboarding_lembrete_24h,0,1,,2026-03-23 14:57:36
420051,810010,0,onboarding_lembrete_24h,0,1,,2026-03-23 14:57:38
420052,810005,0,onboarding_lembrete_24h,0,1,,2026-03-23 14:57:41
420053,810004,0,onboarding_lembrete_24h,0,1,,2026-03-23 14:57:43
420054,810009,0,onboarding_lembrete_24h,0,1,,2026-03-23 14:57:43
420055,810004,0,onboarding_lembrete_24h,0,1,,2026-03-23 14:57:46
420056,810008,0,onboarding_lembrete_24h,0,1,,2026-03-23 14:57:47
420057,810003,0,onboarding_lembrete_24h,0,1,,2026-03-23 14:57:49
420058,810003,0,onboarding_lembrete_24h,0,1,,2026-03-23 14:57:50
420059,810007,0,onboarding_lembrete_24h,0,1,,2026-03-23 14:57:52
420060,810002,0,onboarding_lembrete_24h,0,1,,2026-03-23 14:57:54
420061,810002,0,onboarding_lembrete_24h,0,1,,2026-03-23 14:57:58
420062,810001,0,onboarding_lembrete_24h,0,1,,2026-03-23 14:58:01
420063,810006,0,onboarding_lembrete_24h,0,1,,2026-03-23 14:58:02
420064,810001,0,onboarding_lembrete_24h,0,1,,2026-03-23 14:58:03
420065,810005,0,onboarding_lembrete_24h,0,1,,2026-03-23 14:58:06
420066,810004,0,onboarding_lembrete_24h,0,1,,2026-03-23 14:58:11
420067,810003,0,onboarding_lembrete_24h,0,1,,2026-03-23 14:58:16
420068,810002,0,onboarding_lembrete_24h,0,1,,2026-03-23 14:58:20
420069,810001,0,onboarding_lembrete_24h,0,1,,2026-03-23 14:58:25
420070,810018,0,onboarding_lembrete_24h,0,1,,2026-03-23 15:25:26
420071,810017,0,onboarding_lembrete_24h,0,1,,2026-03-23 15:25:32
420072,810016,0,onboarding_lembrete_24h,0,1,,2026-03-23 15:25:37
420073,810015,0,onboarding_lembrete_24h,0,1,,2026-03-23 15:25:40
420074,810014,0,onboarding_lembrete_24h,0,1,,2026-03-23 15:25:42
420075,810013,0,onboarding_lembrete_24h,0,1,,2026-03-23 15:25:47
420076,810015,0,onboarding_lembrete_24h,0,1,,2026-03-23 15:25:58
420077,810014,0,onboarding_lembrete_24h,0,1,,2026-03-23 15:26:03
420078,810013,0,onboarding_lembrete_24h,0,1,,2026-03-23 15:26:07
420079,720006,0,onboarding_lembrete_24h,0,1,,2026-03-23 17:15:21
420080,720005,0,onboarding_lembrete_24h,0,1,,2026-03-23 17:15:22
420081,720002,0,onboarding_lembrete_24h,0,1,,2026-03-23 17:15:29
420082,720003,0,onboarding_lembrete_24h,0,1,,2026-03-23 17:15:32
420083,750006,0,onboarding_lembrete_24h,0,1,,2026-03-23 19:51:01
420084,750004,0,onboarding_lembrete_24h,0,1,,2026-03-23 19:51:08
420085,750005,0,onboarding_lembrete_24h,0,1,,2026-03-23 19:51:13
420086,750003,0,onboarding_lembrete_24h,0,1,,2026-03-23 19:51:17
420087,750002,0,onboarding_lembrete_24h,0,1,,2026-03-23 19:51:22
420088,750001,0,onboarding_lembrete_24h,0,1,,2026-03-23 19:51:28
420089,750024,0,onboarding_lembrete_24h,0,1,,2026-03-23 21:41:03
420090,750023,0,onboarding_lembrete_24h,0,1,,2026-03-23 21:41:10
420091,750022,0,onboarding_lembrete_24h,0,1,,2026-03-23 21:41:17
420092,750021,0,onboarding_lembrete_24h,0,1,,2026-03-23 21:41:21
420093,750020,0,onboarding_lembrete_24h,0,1,,2026-03-23 21:41:27
420094,750019,0,onboarding_lembrete_24h,0,1,,2026-03-23 21:41:32
420095,750018,0,onboarding_lembrete_24h,0,1,,2026-03-23 21:41:37
420096,750017,0,onboarding_lembrete_24h,0,1,,2026-03-23 21:41:43
420097,750016,0,onboarding_lembrete_24h,0,1,,2026-03-23 21:41:48
420098,750015,0,onboarding_lembrete_24h,0,1,,2026-03-23 21:41:53
420099,750014,0,onboarding_lembrete_24h,0,1,,2026-03-23 21:41:57
420100,750013,0,onboarding_lembrete_24h,0,1,,2026-03-23 21:42:02
420101,750012,0,onboarding_lembrete_24h,0,1,,2026-03-23 21:42:07
420102,750011,0,onboarding_lembrete_24h,0,1,,2026-03-23 21:42:12
420103,750010,0,onboarding_lembrete_24h,0,1,,2026-03-23 21:42:17
420104,750009,0,onboarding_lembrete_24h,0,1,,2026-03-23 21:42:25
420105,750008,0,onboarding_lembrete_24h,0,1,,2026-03-23 21:42:47
420106,750007,0,onboarding_lembrete_24h,0,1,,2026-03-23 21:42:55
420107,780012,0,onboarding_lembrete_24h,0,1,,2026-03-23 23:38:29
420108,780011,0,onboarding_lembrete_24h,0,1,,2026-03-23 23:38:35
420109,780010,0,onboarding_lembrete_24h,0,1,,2026-03-23 23:38:40
420110,780009,0,onboarding_lembrete_24h,0,1,,2026-03-23 23:38:42
420111,780008,0,onboarding_lembrete_24h,0,1,,2026-03-23 23:38:45
420112,780007,0,onboarding_lembrete_24h,0,1,,2026-03-23 23:38:48
420113,780006,0,onboarding_lembrete_24h,0,1,,2026-03-23 23:38:50
420114,780004,0,onboarding_lembrete_24h,0,1,,2026-03-23 23:38:54
420115,780005,0,onboarding_lembrete_24h,0,1,,2026-03-23 23:38:56
420116,780003,0,onboarding_lembrete_24h,0,1,,2026-03-23 23:38:57
420117,780002,0,onboarding_lembrete_24h,0,1,,2026-03-23 23:39:00
420118,780001,0,onboarding_lembrete_24h,0,1,,2026-03-23 23:39:02
420119,690050,0,onboarding_lembrete_24h,0,1,,2026-03-23 23:39:04
420120,690048,0,onboarding_lembrete_24h,0,1,,2026-03-23 23:39:07
420121,690049,0,onboarding_lembrete_24h,0,1,,2026-03-23 23:39:10
420122,690044,0,onboarding_lembrete_24h,0,1,,2026-03-23 23:39:12
420123,690042,0,onboarding_lembrete_24h,0,1,,2026-03-23 23:39:14
420124,690043,0,onboarding_lembrete_24h,0,1,,2026-03-23 23:39:18
420125,690041,0,onboarding_lembrete_24h,0,1,,2026-03-23 23:39:22
420126,690031,0,onboarding_lembrete_24h,0,1,,2026-03-23 23:39:26
420127,570089,0,onboarding_lembrete_24h,0,1,,2026-03-23 23:39:29
420128,810024,0,onboarding_lembrete_24h,0,1,,2026-03-24 00:38:26
420129,810023,0,onboarding_lembrete_24h,0,1,,2026-03-24 00:38:30
420130,810022,0,onboarding_lembrete_24h,0,1,,2026-03-24 00:38:33
420131,810021,0,onboarding_lembrete_24h,0,1,,2026-03-24 00:38:37
420132,810020,0,onboarding_lembrete_24h,0,1,,2026-03-24 00:38:41
420133,810019,0,onboarding_lembrete_24h,0,1,,2026-03-24 00:38:46
420134,30001,28,mentoria_30dias,32,1,,2026-03-24 02:46:20
420135,30001,28,mentoria_30dias,32,1,,2026-03-24 02:46:26
420136,810030,0,onboarding_lembrete_24h,0,1,,2026-03-24 02:46:27
420137,30002,28,mentoria_30dias,32,1,,2026-03-24 02:46:29
420138,810029,0,onboarding_lembrete_24h,0,1,,2026-03-24 02:46:33
420139,30002,28,mentoria_30dias,32,1,,2026-03-24 02:46:34
420140,30009,28,mentoria_30dias,32,1,,2026-03-24 02:46:34
420141,30010,28,mentoria_30dias,32,1,,2026-03-24 02:46:40
420142,810028,0,onboarding_lembrete_24h,0,1,,2026-03-24 02:46:41
420143,30009,28,mentoria_30dias,32,1,,2026-03-24 02:46:42
420144,30017,28,mentoria_30dias,32,1,,2026-03-24 02:46:44
420145,30022,28,mentoria_30dias,32,1,,2026-03-24 02:46:49
420146,810027,0,onboarding_lembrete_24h,0,1,,2026-03-24 02:46:49
420147,30010,28,mentoria_30dias,32,1,,2026-03-24 02:46:51
420148,30023,28,mentoria_30dias,32,1,,2026-03-24 02:46:53
420149,810026,0,onboarding_lembrete_24h,0,1,,2026-03-24 02:46:56
420150,30029,28,mentoria_30dias,32,1,,2026-03-24 02:46:58
420151,30017,28,mentoria_30dias,32,1,,2026-03-24 02:46:59
420152,810025,0,onboarding_lembrete_24h,0,1,,2026-03-24 02:47:02
420153,30031,28,mentoria_30dias,32,1,,2026-03-24 02:47:03
420154,30022,28,mentoria_30dias,32,1,,2026-03-24 02:47:05
420155,780036,0,onboarding_lembrete_24h,0,1,,2026-03-24 02:47:07
420156,30042,35,mentoria_30dias,47,1,,2026-03-24 02:47:08
420157,30043,28,mentoria_30dias,32,1,,2026-03-24 02:47:13
420158,30023,28,mentoria_30dias,32,1,,2026-03-24 02:47:13
420159,780035,0,onboarding_lembrete_24h,0,1,,2026-03-24 02:47:14
420160,30029,28,mentoria_30dias,32,1,,2026-03-24 02:47:18
420161,780034,0,onboarding_lembrete_24h,0,1,,2026-03-24 02:47:18
420162,30045,28,mentoria_30dias,32,1,,2026-03-24 02:47:19
420163,30031,28,mentoria_30dias,32,1,,2026-03-24 02:47:22
420164,30047,32,mentoria_30dias,33,1,,2026-03-24 02:47:23
420165,780033,0,onboarding_lembrete_24h,0,1,,2026-03-24 02:47:23
420166,30042,35,mentoria_30dias,47,1,,2026-03-24 02:47:26
420167,780032,0,onboarding_lembrete_24h,0,1,,2026-03-24 02:47:28
420168,30053,32,mentoria_30dias,33,1,,2026-03-24 02:47:28
420169,30055,32,mentoria_30dias,33,1,,2026-03-24 02:47:32
420170,30043,28,mentoria_30dias,32,1,,2026-03-24 02:47:33
420171,780031,0,onboarding_lembrete_24h,0,1,,2026-03-24 02:47:33
420172,30056,32,mentoria_30dias,39,1,,2026-03-24 02:47:37
420173,30045,28,mentoria_30dias,32,1,,2026-03-24 02:47:39
420174,780030,0,onboarding_lembrete_24h,0,1,,2026-03-24 02:47:39
420175,30058,32,mentoria_30dias,32,1,,2026-03-24 02:47:42
420176,30063,32,mentoria_30dias,39,1,,2026-03-24 02:47:47
420177,30066,35,mentoria_30dias,50,1,,2026-03-24 02:47:52
420178,30067,32,mentoria_30dias,182,1,,2026-03-24 02:47:58
420179,30073,32,mentoria_30dias,39,1,,2026-03-24 02:48:02
420180,30047,32,mentoria_30dias,33,1,,2026-03-24 02:48:03
420181,780029,0,onboarding_lembrete_24h,0,1,,2026-03-24 02:48:04
420182,30077,32,mentoria_30dias,34,1,,2026-03-24 02:48:07
420183,30053,32,mentoria_30dias,33,1,,2026-03-24 02:48:11
420184,780028,0,onboarding_lembrete_24h,0,1,,2026-03-24 02:48:12
420185,30078,35,mentoria_30dias,50,1,,2026-03-24 02:48:12
420186,30055,32,mentoria_30dias,33,1,,2026-03-24 02:48:15
420187,780027,0,onboarding_lembrete_24h,0,1,,2026-03-24 02:48:17
420188,30090,29,mentoria_30dias,57,1,,2026-03-24 02:48:18
420189,780026,0,onboarding_lembrete_24h,0,1,,2026-03-24 02:48:21
420190,30056,32,mentoria_30dias,39,1,,2026-03-24 02:48:21
420191,780025,0,onboarding_lembrete_24h,0,1,,2026-03-24 02:48:27
420192,30058,32,mentoria_30dias,32,1,,2026-03-24 02:48:28
420193,780024,0,onboarding_lembrete_24h,0,1,,2026-03-24 02:48:34
420194,30063,32,mentoria_30dias,39,1,,2026-03-24 02:48:34
420195,780023,0,onboarding_lembrete_24h,0,1,,2026-03-24 02:48:38
420196,30066,35,mentoria_30dias,50,1,,2026-03-24 02:48:39
420197,780022,0,onboarding_lembrete_24h,0,1,,2026-03-24 02:48:42
420198,30067,32,mentoria_30dias,182,1,,2026-03-24 02:48:45
420199,780021,0,onboarding_lembrete_24h,0,1,,2026-03-24 02:48:48
420200,30073,32,mentoria_30dias,39,1,,2026-03-24 02:48:51
420201,780019,0,onboarding_lembrete_24h,0,1,,2026-03-24 02:48:53
420202,30077,32,mentoria_30dias,34,1,,2026-03-24 02:48:57
420203,780020,0,onboarding_lembrete_24h,0,1,,2026-03-24 02:48:58
420204,30078,35,mentoria_30dias,50,1,,2026-03-24 02:49:04
420205,780018,0,onboarding_lembrete_24h,0,1,,2026-03-24 02:49:06
420206,30090,29,mentoria_30dias,57,1,,2026-03-24 02:49:10
420207,780017,0,onboarding_lembrete_24h,0,1,,2026-03-24 02:49:11
420208,780016,0,onboarding_lembrete_24h,0,1,,2026-03-24 02:49:15
420209,780015,0,onboarding_lembrete_24h,0,1,,2026-03-24 02:49:19
420210,780014,0,onboarding_lembrete_24h,0,1,,2026-03-24 02:49:21
420211,780013,0,onboarding_lembrete_24h,0,1,,2026-03-24 02:49:24
420212,720030,0,onboarding_lembrete_24h,0,1,,2026-03-24 02:49:27
420213,720029,0,onboarding_lembrete_24h,0,1,,2026-03-24 02:49:29
420214,720028,0,onboarding_lembrete_24h,0,1,,2026-03-24 02:49:32
420215,720027,0,onboarding_lembrete_24h,0,1,,2026-03-24 02:49:35
420216,720026,0,onboarding_lembrete_24h,0,1,,2026-03-24 02:49:37
420217,720025,0,onboarding_lembrete_24h,0,1,,2026-03-24 02:49:40
420218,720024,0,onboarding_lembrete_24h,0,1,,2026-03-24 02:49:42
420219,720023,0,onboarding_lembrete_24h,0,1,,2026-03-24 02:49:45
420220,720021,0,onboarding_lembrete_24h,0,1,,2026-03-24 02:49:47
420221,720022,0,onboarding_lembrete_24h,0,1,,2026-03-24 02:49:50
420222,720020,0,onboarding_lembrete_24h,0,1,,2026-03-24 02:49:52
420223,720019,0,onboarding_lembrete_24h,0,1,,2026-03-24 02:49:55
420224,720018,0,onboarding_lembrete_24h,0,1,,2026-03-24 02:49:57
420225,720017,0,onboarding_lembrete_24h,0,1,,2026-03-24 02:50:00
420226,720016,0,onboarding_lembrete_24h,0,1,,2026-03-24 02:50:02
420227,720015,0,onboarding_lembrete_24h,0,1,,2026-03-24 02:50:05
420228,720014,0,onboarding_lembrete_24h,0,1,,2026-03-24 02:50:08
420229,720013,0,onboarding_lembrete_24h,0,1,,2026-03-24 02:50:11
420230,720012,0,onboarding_lembrete_24h,0,1,,2026-03-24 02:50:13
420231,720011,0,onboarding_lembrete_24h,0,1,,2026-03-24 02:50:16
420232,720010,0,onboarding_lembrete_24h,0,1,,2026-03-24 02:50:18
420233,720009,0,onboarding_lembrete_24h,0,1,,2026-03-24 03:19:36
420234,720008,0,onboarding_lembrete_24h,0,1,,2026-03-24 03:19:36
420235,720007,0,onboarding_lembrete_24h,0,1,,2026-03-24 03:19:37
420236,690062,0,onboarding_lembrete_24h,0,1,,2026-03-24 03:19:38
420237,690061,0,onboarding_lembrete_24h,0,1,,2026-03-24 03:19:39
420238,690060,0,onboarding_lembrete_24h,0,1,,2026-03-24 03:19:40
420239,690059,0,onboarding_lembrete_24h,0,1,,2026-03-24 03:19:41
420240,690056,0,onboarding_lembrete_24h,0,1,,2026-03-24 03:19:42
420241,690054,0,onboarding_lembrete_24h,0,1,,2026-03-24 03:19:43
420242,690055,0,onboarding_lembrete_24h,0,1,,2026-03-24 03:19:44
420243,690052,0,onboarding_lembrete_24h,0,1,,2026-03-24 03:19:45
450001,810012,0,onboarding_lembrete_24h,0,1,,2026-03-24 15:02:00
450002,810011,0,onboarding_lembrete_24h,0,1,,2026-03-24 15:02:09
450003,810010,0,onboarding_lembrete_24h,0,1,,2026-03-24 15:02:17
450004,810009,0,onboarding_lembrete_24h,0,1,,2026-03-24 15:02:21
450005,810008,0,onboarding_lembrete_24h,0,1,,2026-03-24 15:02:26
450006,810007,0,onboarding_lembrete_24h,0,1,,2026-03-24 15:02:32
450007,810006,0,onboarding_lembrete_24h,0,1,,2026-03-24 15:02:36
450008,810005,0,onboarding_lembrete_24h,0,1,,2026-03-24 15:02:40
450009,810004,0,onboarding_lembrete_24h,0,1,,2026-03-24 15:02:45
450010,810003,0,onboarding_lembrete_24h,0,1,,2026-03-24 15:02:49
450011,810002,0,onboarding_lembrete_24h,0,1,,2026-03-24 15:02:54
450012,810001,0,onboarding_lembrete_24h,0,1,,2026-03-24 15:02:58
450013,810018,0,onboarding_lembrete_24h,0,1,,2026-03-24 15:35:56
450014,810017,0,onboarding_lembrete_24h,0,1,,2026-03-24 15:35:57
450015,810016,0,onboarding_lembrete_24h,0,1,,2026-03-24 15:35:58
450016,810015,0,onboarding_lembrete_24h,0,1,,2026-03-24 15:35:59
450017,810014,0,onboarding_lembrete_24h,0,1,,2026-03-24 15:36:01
450018,810013,0,onboarding_lembrete_24h,0,1,,2026-03-24 15:36:48
450019,840006,0,onboarding_lembrete_24h,0,0,"Message failed: 451-4.3.0 Mail server temporarily rejected message. For more information, go to
451 4.3.0  https://support.google.com/a/answer/3221692 af79cd13be357-8cfc908df50sm1058508185a.26 - gsmtp",2026-03-24 15:44:27
450020,840005,0,onboarding_lembrete_24h,0,1,,2026-03-24 15:44:34
450021,840004,0,onboarding_lembrete_24h,0,1,,2026-03-24 15:44:36
450022,840003,0,onboarding_lembrete_24h,0,1,,2026-03-24 15:44:42
450023,840002,0,onboarding_lembrete_24h,0,1,,2026-03-24 15:44:49
450024,840001,0,onboarding_lembrete_24h,0,1,,2026-03-24 15:45:06
450025,840006,0,onboarding_lembrete_24h,0,1,,2026-03-24 15:46:51
450026,840012,0,onboarding_lembrete_24h,0,1,,2026-03-24 15:59:10
450027,840011,0,onboarding_lembrete_24h,0,1,,2026-03-24 15:59:11
450028,840010,0,onboarding_lembrete_24h,0,1,,2026-03-24 15:59:12
450029,840009,0,onboarding_lembrete_24h,0,1,,2026-03-24 15:59:13
450030,840008,0,onboarding_lembrete_24h,0,1,,2026-03-24 15:59:13
450031,840007,0,onboarding_lembrete_24h,0,1,,2026-03-24 15:59:14
450032,720006,0,onboarding_lembrete_24h,0,1,,2026-03-24 17:17:38
450033,720005,0,onboarding_lembrete_24h,0,1,,2026-03-24 17:17:45
450034,720002,0,onboarding_lembrete_24h,0,1,,2026-03-24 17:17:50
450035,720003,0,onboarding_lembrete_24h,0,1,,2026-03-24 17:17:54
450036,750006,0,onboarding_lembrete_24h,0,1,,2026-03-24 19:53:44
450037,30041,35,mentoria_30dias,47,1,,2026-03-24 19:53:47
450038,750004,0,onboarding_lembrete_24h,0,1,,2026-03-24 19:53:51
450039,750005,0,onboarding_lembrete_24h,0,1,,2026-03-24 19:53:56
450040,750003,0,onboarding_lembrete_24h,0,1,,2026-03-24 19:54:00
450041,750002,0,onboarding_lembrete_24h,0,1,,2026-03-24 19:54:05
450042,750001,0,onboarding_lembrete_24h,0,1,,2026-03-24 19:54:09
450043,750024,0,onboarding_lembrete_24h,0,1,,2026-03-24 22:05:27
450044,750023,0,onboarding_lembrete_24h,0,1,,2026-03-24 22:05:27
450045,750022,0,onboarding_lembrete_24h,0,1,,2026-03-24 22:05:28
450046,750021,0,onboarding_lembrete_24h,0,1,,2026-03-24 22:05:29
450047,750020,0,onboarding_lembrete_24h,0,1,,2026-03-24 22:05:30
450048,750019,0,onboarding_lembrete_24h,0,1,,2026-03-24 22:05:31
450049,750018,0,onboarding_lembrete_24h,0,1,,2026-03-24 22:05:32
450050,750017,0,onboarding_lembrete_24h,0,1,,2026-03-24 22:05:33
450051,750016,0,onboarding_lembrete_24h,0,1,,2026-03-24 22:05:33
450052,750015,0,onboarding_lembrete_24h,0,1,,2026-03-24 22:05:35
450053,750014,0,onboarding_lembrete_24h,0,1,,2026-03-24 22:05:36
450054,750013,0,onboarding_lembrete_24h,0,1,,2026-03-24 22:05:36
450055,750012,0,onboarding_lembrete_24h,0,1,,2026-03-24 22:05:37
450056,750011,0,onboarding_lembrete_24h,0,1,,2026-03-24 22:05:38
450057,750010,0,onboarding_lembrete_24h,0,1,,2026-03-24 22:05:39
450058,750009,0,onboarding_lembrete_24h,0,1,,2026-03-24 22:05:40
450059,750008,0,onboarding_lembrete_24h,0,1,,2026-03-24 22:05:42
450060,750007,0,onboarding_lembrete_24h,0,1,,2026-03-24 22:05:43
480001,30049,32,mentoria_30dias,30,1,,2026-03-25 00:29:41
480002,30050,28,mentoria_30dias,30,1,,2026-03-25 00:29:43
480003,30052,32,mentoria_30dias,30,1,,2026-03-25 00:29:44
480004,30059,32,mentoria_30dias,30,1,,2026-03-25 00:29:50
480005,30061,28,mentoria_30dias,30,1,,2026-03-25 00:29:55
480006,30064,32,mentoria_30dias,30,1,,2026-03-25 00:30:00
480007,30065,32,mentoria_30dias,30,1,,2026-03-25 00:30:05
480008,30068,28,mentoria_30dias,30,1,,2026-03-25 00:30:07
480009,30069,32,mentoria_30dias,30,1,,2026-03-25 00:30:12
480010,780012,0,onboarding_lembrete_24h,0,1,,2026-03-25 00:30:26
480011,780011,0,onboarding_lembrete_24h,0,1,,2026-03-25 00:30:30
480012,780010,0,onboarding_lembrete_24h,0,1,,2026-03-25 00:30:37
480013,780009,0,onboarding_lembrete_24h,0,1,,2026-03-25 00:30:46
480014,780008,0,onboarding_lembrete_24h,0,1,,2026-03-25 00:30:50
480015,780007,0,onboarding_lembrete_24h,0,1,,2026-03-25 00:30:56
480016,780006,0,onboarding_lembrete_24h,0,1,,2026-03-25 00:30:58
480017,780004,0,onboarding_lembrete_24h,0,1,,2026-03-25 00:31:13
480018,780005,0,onboarding_lembrete_24h,0,1,,2026-03-25 00:31:27
480019,780003,0,onboarding_lembrete_24h,0,1,,2026-03-25 00:31:28
480020,780002,0,onboarding_lembrete_24h,0,1,,2026-03-25 00:31:34
480021,780001,0,onboarding_lembrete_24h,0,1,,2026-03-25 00:31:37
480022,690050,0,onboarding_lembrete_24h,0,1,,2026-03-25 00:31:41
480023,690048,0,onboarding_lembrete_24h,0,1,,2026-03-25 00:31:44
480024,690049,0,onboarding_lembrete_24h,0,1,,2026-03-25 00:31:49
480025,690044,0,onboarding_lembrete_24h,0,1,,2026-03-25 00:31:53
480026,690042,0,onboarding_lembrete_24h,0,1,,2026-03-25 00:31:57
480027,690043,0,onboarding_lembrete_24h,0,1,,2026-03-25 00:31:58
480028,690041,0,onboarding_lembrete_24h,0,1,,2026-03-25 00:31:59
480029,690031,0,onboarding_lembrete_24h,0,1,,2026-03-25 00:32:03
480030,570089,0,onboarding_lembrete_24h,0,1,,2026-03-25 00:32:07
480031,810024,0,onboarding_lembrete_24h,0,1,,2026-03-25 01:29:21
480032,810023,0,onboarding_lembrete_24h,0,1,,2026-03-25 01:29:27
480033,810022,0,onboarding_lembrete_24h,0,1,,2026-03-25 01:29:31
480034,810021,0,onboarding_lembrete_24h,0,1,,2026-03-25 01:29:34
480035,810020,0,onboarding_lembrete_24h,0,1,,2026-03-25 01:29:40
480036,810019,0,onboarding_lembrete_24h,0,1,,2026-03-25 01:29:44
510001,810030,0,onboarding_lembrete_24h,0,1,,2026-03-25 12:15:02
510002,810029,0,onboarding_lembrete_24h,0,1,,2026-03-25 12:15:03
510003,810028,0,onboarding_lembrete_24h,0,1,,2026-03-25 12:15:04
510004,810027,0,onboarding_lembrete_24h,0,1,,2026-03-25 12:15:04
510005,810026,0,onboarding_lembrete_24h,0,1,,2026-03-25 12:15:05
510006,810025,0,onboarding_lembrete_24h,0,1,,2026-03-25 12:15:06
510007,780036,0,onboarding_lembrete_24h,0,1,,2026-03-25 12:15:07
510008,780035,0,onboarding_lembrete_24h,0,1,,2026-03-25 12:15:08
510009,780034,0,onboarding_lembrete_24h,0,1,,2026-03-25 12:15:08
510010,780033,0,onboarding_lembrete_24h,0,1,,2026-03-25 12:15:09
510011,780032,0,onboarding_lembrete_24h,0,1,,2026-03-25 12:15:10
510012,780031,0,onboarding_lembrete_24h,0,1,,2026-03-25 12:15:10
510013,780030,0,onboarding_lembrete_24h,0,1,,2026-03-25 12:15:11
510014,780029,0,onboarding_lembrete_24h,0,1,,2026-03-25 12:15:12
510015,780028,0,onboarding_lembrete_24h,0,1,,2026-03-25 12:15:13
510016,780027,0,onboarding_lembrete_24h,0,1,,2026-03-25 12:15:13
510017,780026,0,onboarding_lembrete_24h,0,1,,2026-03-25 12:15:14
510018,780025,0,onboarding_lembrete_24h,0,1,,2026-03-25 12:15:15
510019,780024,0,onboarding_lembrete_24h,0,1,,2026-03-25 12:15:16
510020,780023,0,onboarding_lembrete_24h,0,1,,2026-03-25 12:15:17
510021,780022,0,onboarding_lembrete_24h,0,1,,2026-03-25 12:15:18
510022,780021,0,onboarding_lembrete_24h,0,1,,2026-03-25 12:15:19
510023,780019,0,onboarding_lembrete_24h,0,1,,2026-03-25 12:15:19
510024,780020,0,onboarding_lembrete_24h,0,1,,2026-03-25 12:15:21
510025,780018,0,onboarding_lembrete_24h,0,1,,2026-03-25 12:15:22
510026,780017,0,onboarding_lembrete_24h,0,1,,2026-03-25 12:15:23
510027,780016,0,onboarding_lembrete_24h,0,1,,2026-03-25 12:15:24
510028,780015,0,onboarding_lembrete_24h,0,1,,2026-03-25 12:15:25
510029,780014,0,onboarding_lembrete_24h,0,1,,2026-03-25 12:15:26
510030,780013,0,onboarding_lembrete_24h,0,1,,2026-03-25 12:15:26
510031,720030,0,onboarding_lembrete_24h,0,1,,2026-03-25 12:15:27
510032,720029,0,onboarding_lembrete_24h,0,1,,2026-03-25 12:15:28
510033,720028,0,onboarding_lembrete_24h,0,1,,2026-03-25 12:15:28
510034,720027,0,onboarding_lembrete_24h,0,1,,2026-03-25 12:15:29
510035,720026,0,onboarding_lembrete_24h,0,1,,2026-03-25 12:15:30
510036,720025,0,onboarding_lembrete_24h,0,1,,2026-03-25 12:15:31
510037,720024,0,onboarding_lembrete_24h,0,1,,2026-03-25 12:15:31
510038,720023,0,onboarding_lembrete_24h,0,1,,2026-03-25 12:15:33
510039,720021,0,onboarding_lembrete_24h,0,1,,2026-03-25 12:15:33
510040,720022,0,onboarding_lembrete_24h,0,1,,2026-03-25 12:15:34
510041,720020,0,onboarding_lembrete_24h,0,1,,2026-03-25 12:15:34
510042,720019,0,onboarding_lembrete_24h,0,1,,2026-03-25 12:15:36
510043,720018,0,onboarding_lembrete_24h,0,1,,2026-03-25 12:15:36
510044,720017,0,onboarding_lembrete_24h,0,1,,2026-03-25 12:15:37
510045,720016,0,onboarding_lembrete_24h,0,1,,2026-03-25 12:15:38
510046,720015,0,onboarding_lembrete_24h,0,1,,2026-03-25 12:15:39
510047,720014,0,onboarding_lembrete_24h,0,1,,2026-03-25 12:15:40
510048,720013,0,onboarding_lembrete_24h,0,1,,2026-03-25 12:15:41
510049,720012,0,onboarding_lembrete_24h,0,1,,2026-03-25 12:15:42
510050,720011,0,onboarding_lembrete_24h,0,1,,2026-03-25 12:15:42
510051,720010,0,onboarding_lembrete_24h,0,1,,2026-03-25 12:15:43
510052,720009,0,onboarding_lembrete_24h,0,1,,2026-03-25 12:15:44
510053,720008,0,onboarding_lembrete_24h,0,1,,2026-03-25 12:15:44
510054,720007,0,onboarding_lembrete_24h,0,1,,2026-03-25 12:15:45
510055,690062,0,onboarding_lembrete_24h,0,1,,2026-03-25 12:15:46
510056,690061,0,onboarding_lembrete_24h,0,1,,2026-03-25 12:15:47
510057,690060,0,onboarding_lembrete_24h,0,1,,2026-03-25 12:15:48
510058,690059,0,onboarding_lembrete_24h,0,1,,2026-03-25 12:15:49
510059,690056,0,onboarding_lembrete_24h,0,1,,2026-03-25 12:15:49
510060,690054,0,onboarding_lembrete_24h,0,1,,2026-03-25 12:15:51
510061,690055,0,onboarding_lembrete_24h,0,1,,2026-03-25 12:15:52
510062,690052,0,onboarding_lembrete_24h,0,1,,2026-03-25 12:15:53
540001,810012,0,onboarding_lembrete_24h,0,1,,2026-03-25 15:06:00
540002,810011,0,onboarding_lembrete_24h,0,1,,2026-03-25 15:06:02
540003,810010,0,onboarding_lembrete_24h,0,1,,2026-03-25 15:06:03
540004,810009,0,onboarding_lembrete_24h,0,1,,2026-03-25 15:06:04
540005,810008,0,onboarding_lembrete_24h,0,1,,2026-03-25 15:06:05
540006,810007,0,onboarding_lembrete_24h,0,1,,2026-03-25 15:06:06
540007,810006,0,onboarding_lembrete_24h,0,1,,2026-03-25 15:06:08
540008,810005,0,onboarding_lembrete_24h,0,1,,2026-03-25 15:06:09
540009,810004,0,onboarding_lembrete_24h,0,1,,2026-03-25 15:06:10
540010,810003,0,onboarding_lembrete_24h,0,1,,2026-03-25 15:06:11
540011,810002,0,onboarding_lembrete_24h,0,1,,2026-03-25 15:06:12
540012,810001,0,onboarding_lembrete_24h,0,1,,2026-03-25 15:06:13
540013,840012,0,onboarding_lembrete_24h,0,1,,2026-03-25 16:05:59
540014,840011,0,onboarding_lembrete_24h,0,1,,2026-03-25 16:06:00
540015,840010,0,onboarding_lembrete_24h,0,1,,2026-03-25 16:06:01
540016,840009,0,onboarding_lembrete_24h,0,1,,2026-03-25 16:06:01
540017,840008,0,onboarding_lembrete_24h,0,1,,2026-03-25 16:06:03
540018,840007,0,onboarding_lembrete_24h,0,1,,2026-03-25 16:06:03
540019,840006,0,onboarding_lembrete_24h,0,1,,2026-03-25 16:06:05
540020,840005,0,onboarding_lembrete_24h,0,1,,2026-03-25 16:06:06
540021,840004,0,onboarding_lembrete_24h,0,1,,2026-03-25 16:06:07
540022,840003,0,onboarding_lembrete_24h,0,1,,2026-03-25 16:06:07
540023,840002,0,onboarding_lembrete_24h,0,1,,2026-03-25 16:06:09
540024,840001,0,onboarding_lembrete_24h,0,1,,2026-03-25 16:06:10
540025,810018,0,onboarding_lembrete_24h,0,1,,2026-03-25 16:06:11
540026,810017,0,onboarding_lembrete_24h,0,1,,2026-03-25 16:06:12
540027,810016,0,onboarding_lembrete_24h,0,1,,2026-03-25 16:06:13
540028,810015,0,onboarding_lembrete_24h,0,1,,2026-03-25 16:06:14
540029,810014,0,onboarding_lembrete_24h,0,1,,2026-03-25 16:06:15
540030,810013,0,onboarding_lembrete_24h,0,1,,2026-03-25 16:06:16
570001,30076,35,mentoria_30dias,30,1,,2026-03-26 14:11:04
570002,810030,0,onboarding_lembrete_24h,0,1,,2026-03-26 14:13:07
570003,810029,0,onboarding_lembrete_24h,0,1,,2026-03-26 14:13:07
570004,810028,0,onboarding_lembrete_24h,0,1,,2026-03-26 14:13:08
570005,810027,0,onboarding_lembrete_24h,0,1,,2026-03-26 14:13:09
570006,810026,0,onboarding_lembrete_24h,0,1,,2026-03-26 14:13:09
570007,810025,0,onboarding_lembrete_24h,0,1,,2026-03-26 14:13:14
570008,810024,0,onboarding_lembrete_24h,0,1,,2026-03-26 14:13:15
570009,810023,0,onboarding_lembrete_24h,0,1,,2026-03-26 14:13:16
570010,810022,0,onboarding_lembrete_24h,0,1,,2026-03-26 14:13:17
570011,810021,0,onboarding_lembrete_24h,0,1,,2026-03-26 14:13:17
570012,810020,0,onboarding_lembrete_24h,0,1,,2026-03-26 14:13:18
570013,810019,0,onboarding_lembrete_24h,0,1,,2026-03-26 14:13:19
570014,780036,0,onboarding_lembrete_24h,0,1,,2026-03-26 14:13:20
570015,780035,0,onboarding_lembrete_24h,0,1,,2026-03-26 14:13:21
570016,780034,0,onboarding_lembrete_24h,0,1,,2026-03-26 14:13:21
570017,780033,0,onboarding_lembrete_24h,0,1,,2026-03-26 14:13:22
570018,780032,0,onboarding_lembrete_24h,0,1,,2026-03-26 14:13:23
570019,780031,0,onboarding_lembrete_24h,0,1,,2026-03-26 14:13:23
570020,780030,0,onboarding_lembrete_24h,0,1,,2026-03-26 14:13:24
570021,780029,0,onboarding_lembrete_24h,0,1,,2026-03-26 14:13:25
570022,780028,0,onboarding_lembrete_24h,0,1,,2026-03-26 14:13:25
570023,780027,0,onboarding_lembrete_24h,0,1,,2026-03-26 14:13:26
570024,780026,0,onboarding_lembrete_24h,0,1,,2026-03-26 14:13:27
570025,780025,0,onboarding_lembrete_24h,0,1,,2026-03-26 14:13:27
570026,780024,0,onboarding_lembrete_24h,0,1,,2026-03-26 14:13:28
570027,780023,0,onboarding_lembrete_24h,0,1,,2026-03-26 14:13:29
570028,780022,0,onboarding_lembrete_24h,0,1,,2026-03-26 14:13:35
570029,570089,28,vencimento_ciclo_30d,30,1,,2026-03-26 14:13:37
570030,780021,0,onboarding_lembrete_24h,0,1,,2026-03-26 14:13:37
570031,780019,0,onboarding_lembrete_24h,0,1,,2026-03-26 14:13:38
570032,780020,0,onboarding_lembrete_24h,0,1,,2026-03-26 14:13:39
570033,780018,0,onboarding_lembrete_24h,0,1,,2026-03-26 14:13:40
570034,780017,0,onboarding_lembrete_24h,0,1,,2026-03-26 14:13:41
570035,780016,0,onboarding_lembrete_24h,0,1,,2026-03-26 14:13:41
570036,780015,0,onboarding_lembrete_24h,0,1,,2026-03-26 14:13:42
570037,780014,0,onboarding_lembrete_24h,0,1,,2026-03-26 14:13:43
570038,780013,0,onboarding_lembrete_24h,0,1,,2026-03-26 14:13:44
570039,780012,0,onboarding_lembrete_24h,0,1,,2026-03-26 14:13:44
570040,780011,0,onboarding_lembrete_24h,0,1,,2026-03-26 14:13:45
570041,780010,0,onboarding_lembrete_24h,0,1,,2026-03-26 14:13:46
570042,780009,0,onboarding_lembrete_24h,0,1,,2026-03-26 14:13:47
570043,780008,0,onboarding_lembrete_24h,0,1,,2026-03-26 14:13:48
570044,780007,0,onboarding_lembrete_24h,0,1,,2026-03-26 14:13:48
570045,780006,0,onboarding_lembrete_24h,0,1,,2026-03-26 14:13:49
570046,780004,0,onboarding_lembrete_24h,0,1,,2026-03-26 14:13:50
570047,780005,0,onboarding_lembrete_24h,0,1,,2026-03-26 14:13:51
570048,780003,0,onboarding_lembrete_24h,0,1,,2026-03-26 14:13:52
570049,780002,0,onboarding_lembrete_24h,0,1,,2026-03-26 14:13:53
570050,780001,0,onboarding_lembrete_24h,0,1,,2026-03-26 14:13:53
570051,750024,0,onboarding_lembrete_24h,0,1,,2026-03-26 14:13:54
570052,750023,0,onboarding_lembrete_24h,0,1,,2026-03-26 14:13:55
570053,750022,0,onboarding_lembrete_24h,0,1,,2026-03-26 14:13:55
570054,750021,0,onboarding_lembrete_24h,0,1,,2026-03-26 14:13:57
570055,750020,0,onboarding_lembrete_24h,0,1,,2026-03-26 14:13:57
570056,750019,0,onboarding_lembrete_24h,0,1,,2026-03-26 14:13:58
570057,750018,0,onboarding_lembrete_24h,0,1,,2026-03-26 14:13:59
570058,750017,0,onboarding_lembrete_24h,0,1,,2026-03-26 14:13:59
570059,750016,0,onboarding_lembrete_24h,0,1,,2026-03-26 14:14:00
570060,750015,0,onboarding_lembrete_24h,0,1,,2026-03-26 14:14:01
570061,750014,0,onboarding_lembrete_24h,0,1,,2026-03-26 14:14:01
570062,750013,0,onboarding_lembrete_24h,0,1,,2026-03-26 14:14:02
570063,750012,0,onboarding_lembrete_24h,0,1,,2026-03-26 14:14:03
570064,750011,0,onboarding_lembrete_24h,0,1,,2026-03-26 14:14:04
570065,750010,0,onboarding_lembrete_24h,0,1,,2026-03-26 14:14:05
570066,750009,0,onboarding_lembrete_24h,0,1,,2026-03-26 14:14:05
570067,750008,0,onboarding_lembrete_24h,0,1,,2026-03-26 14:14:10
570068,750007,0,onboarding_lembrete_24h,0,1,,2026-03-26 14:14:10
570069,750006,0,onboarding_lembrete_24h,0,1,,2026-03-26 14:14:11
570070,750004,0,onboarding_lembrete_24h,0,1,,2026-03-26 14:14:12
570071,750005,0,onboarding_lembrete_24h,0,1,,2026-03-26 14:14:12
570072,750003,0,onboarding_lembrete_24h,0,1,,2026-03-26 14:14:13
570073,750002,0,onboarding_lembrete_24h,0,1,,2026-03-26 14:14:15
570074,750001,0,onboarding_lembrete_24h,0,1,,2026-03-26 14:14:16
570075,720030,0,onboarding_lembrete_24h,0,1,,2026-03-26 14:14:17
570076,720029,0,onboarding_lembrete_24h,0,1,,2026-03-26 14:14:32
570077,720028,0,onboarding_lembrete_24h,0,1,,2026-03-26 14:14:33
570078,720027,0,onboarding_lembrete_24h,0,1,,2026-03-26 14:14:34
570079,720026,0,onboarding_lembrete_24h,0,1,,2026-03-26 14:14:34
570080,720025,0,onboarding_lembrete_24h,0,1,,2026-03-26 14:14:35
570081,720024,0,onboarding_lembrete_24h,0,1,,2026-03-26 14:14:36
570082,720023,0,onboarding_lembrete_24h,0,1,,2026-03-26 14:14:37
570083,720021,0,onboarding_lembrete_24h,0,0,"Invalid login: 454-4.7.0 Too many login attempts, please try again later. For more information,
454-4.7.0 go to
454 4.7.0  https://support.google.com/mail/answer/7126229 6a1803df08f44-89cd5a24be0sm25664026d6.24 - gsmtp",2026-03-26 14:14:37
570084,720022,0,onboarding_lembrete_24h,0,1,,2026-03-26 14:14:38
570085,720020,0,onboarding_lembrete_24h,0,1,,2026-03-26 14:14:38
570086,720019,0,onboarding_lembrete_24h,0,0,"Invalid login: 454-4.7.0 Too many login attempts, please try again later. For more information,
454-4.7.0 go to
454 4.7.0  https://support.google.com/mail/answer/7126229 6a1803df08f44-89cd5884166sm24850176d6.13 - gsmtp",2026-03-26 14:14:38
570087,720018,0,onboarding_lembrete_24h,0,1,,2026-03-26 14:14:39
570088,720017,0,onboarding_lembrete_24h,0,0,"Invalid login: 454-4.7.0 Too many login attempts, please try again later. For more information,
454-4.7.0 go to
454 4.7.0  https://support.google.com/mail/answer/7126229 6a1803df08f44-89cd5a6a840sm24977416d6.36 - gsmtp",2026-03-26 14:14:39
570089,720016,0,onboarding_lembrete_24h,0,1,,2026-03-26 14:14:40
570090,720015,0,onboarding_lembrete_24h,0,0,"Invalid login: 454-4.7.0 Too many login attempts, please try again later. For more information,
454-4.7.0 go to
454 4.7.0  https://support.google.com/mail/answer/7126229 6a1803df08f44-89cd58ba42asm29119446d6.21 - gsmtp",2026-03-26 14:14:40
570091,720014,0,onboarding_lembrete_24h,0,0,"Invalid login: 454-4.7.0 Too many login attempts, please try again later. For more information,
454-4.7.0 go to
454 4.7.0  https://support.google.com/mail/answer/7126229 6a1803df08f44-89cd5884166sm24850746d6.13 - gsmtp",2026-03-26 14:14:40
570092,720013,0,onboarding_lembrete_24h,0,1,,2026-03-26 14:14:41
570093,720012,0,onboarding_lembrete_24h,0,0,"Invalid login: 454-4.7.0 Too many login attempts, please try again later. For more information,
454-4.7.0 go to
454 4.7.0  https://support.google.com/mail/answer/7126229 af79cd13be357-8d00e4ceb8asm247331885a.29 - gsmtp",2026-03-26 14:14:41
570094,720011,0,onboarding_lembrete_24h,0,0,"Invalid login: 454-4.7.0 Too many login attempts, please try again later. For more information,
454-4.7.0 go to
454 4.7.0  https://support.google.com/mail/answer/7126229 6a1803df08f44-89cd5a18eddsm25250156d6.30 - gsmtp",2026-03-26 14:14:41
570095,720010,0,onboarding_lembrete_24h,0,1,,2026-03-26 14:14:42
570096,720009,0,onboarding_lembrete_24h,0,1,,2026-03-26 14:14:42
570097,720008,0,onboarding_lembrete_24h,0,0,"Invalid login: 454-4.7.0 Too many login attempts, please try again later. For more information,
454-4.7.0 go to
454 4.7.0  https://support.google.com/mail/answer/7126229 6a1803df08f44-89cd585528bsm25427826d6.9 - gsmtp",2026-03-26 14:14:43
570098,720007,0,onboarding_lembrete_24h,0,1,,2026-03-26 14:14:43
570099,720006,0,onboarding_lembrete_24h,0,0,"Invalid login: 454-4.7.0 Too many login attempts, please try again later. For more information,
454-4.7.0 go to
454 4.7.0  https://support.google.com/mail/answer/7126229 af79cd13be357-8d00e4cf163sm251492685a.27 - gsmtp",2026-03-26 14:14:43
570100,720005,0,onboarding_lembrete_24h,0,0,"Invalid login: 454-4.7.0 Too many login attempts, please try again later. For more information,
454-4.7.0 go to
454 4.7.0  https://support.google.com/mail/answer/7126229 d75a77b69052e-50b920f77cfsm25328611cf.6 - gsmtp",2026-03-26 14:14:43
570101,720002,0,onboarding_lembrete_24h,0,0,"Invalid login: 454-4.7.0 Too many login attempts, please try again later. For more information,
454-4.7.0 go to
454 4.7.0  https://support.google.com/mail/answer/7126229 af79cd13be357-8d00e4ca250sm248349885a.25 - gsmtp",2026-03-26 14:14:43
570102,720003,0,onboarding_lembrete_24h,0,0,"Invalid login: 454-4.7.0 Too many login attempts, please try again later. For more information,
454-4.7.0 go to
454 4.7.0  https://support.google.com/mail/answer/7126229 af79cd13be357-8d00e250556sm309703385a.0 - gsmtp",2026-03-26 14:14:43
570103,690062,0,onboarding_lembrete_24h,0,0,"Invalid login: 454-4.7.0 Too many login attempts, please try again later. For more information,
454-4.7.0 go to
454 4.7.0  https://support.google.com/mail/answer/7126229 6a1803df08f44-89cd5a24fd9sm24956146d6.25 - gsmtp",2026-03-26 14:14:44
570104,690061,0,onboarding_lembrete_24h,0,0,"Invalid login: 454-4.7.0 Too many login attempts, please try again later. For more information,
454-4.7.0 go to
454 4.7.0  https://support.google.com/mail/answer/7126229 6a1803df08f44-89cd5aaf6c1sm29573476d6.48 - gsmtp",2026-03-26 14:14:44
570105,690060,0,onboarding_lembrete_24h,0,1,,2026-03-26 14:14:44
570106,690059,0,onboarding_lembrete_24h,0,1,,2026-03-26 14:14:45
570107,690056,0,onboarding_lembrete_24h,0,0,"Invalid login: 454-4.7.0 Too many login attempts, please try again later. For more information,
454-4.7.0 go to
454 4.7.0  https://support.google.com/mail/answer/7126229 6a1803df08f44-89cd58553dcsm25980556d6.6 - gsmtp",2026-03-26 14:14:45
570108,690054,0,onboarding_lembrete_24h,0,0,"Invalid login: 454-4.7.0 Too many login attempts, please try again later. For more information,
454-4.7.0 go to
454 4.7.0  https://support.google.com/mail/answer/7126229 d75a77b69052e-50b923ea17asm31735211cf.30 - gsmtp",2026-03-26 14:14:45
570109,690055,0,onboarding_lembrete_24h,0,0,"Invalid login: 454-4.7.0 Too many login attempts, please try again later. For more information,
454-4.7.0 go to
454 4.7.0  https://support.google.com/mail/answer/7126229 6a1803df08f44-89cd5855269sm25958156d6.8 - gsmtp",2026-03-26 14:14:45
570110,690052,0,onboarding_lembrete_24h,0,0,"Invalid login: 454-4.7.0 Too many login attempts, please try again later. For more information,
454-4.7.0 go to
454 4.7.0  https://support.google.com/mail/answer/7126229 6a1803df08f44-89cd5a18926sm26167076d6.32 - gsmtp",2026-03-26 14:14:45
570111,690050,0,onboarding_lembrete_24h,0,1,,2026-03-26 14:14:46
570112,690048,0,onboarding_lembrete_24h,0,0,"Invalid login: 454-4.7.0 Too many login attempts, please try again later. For more information,
454-4.7.0 go to
454 4.7.0  https://support.google.com/mail/answer/7126229 af79cd13be357-8d00e4cf106sm258644485a.22 - gsmtp",2026-03-26 14:14:46
570113,690049,0,onboarding_lembrete_24h,0,0,"Invalid login: 454-4.7.0 Too many login attempts, please try again later. For more information,
454-4.7.0 go to
454 4.7.0  https://support.google.com/mail/answer/7126229 af79cd13be357-8d00e4cf106sm258644885a.22 - gsmtp",2026-03-26 14:14:46
570114,690044,0,onboarding_lembrete_24h,0,1,,2026-03-26 14:14:47
570115,690042,0,onboarding_lembrete_24h,0,0,"Invalid login: 454-4.7.0 Too many login attempts, please try again later. For more information,
454-4.7.0 go to
454 4.7.0  https://support.google.com/mail/answer/7126229 d75a77b69052e-50b920faa8asm25666491cf.4 - gsmtp",2026-03-26 14:14:47
570116,690043,0,onboarding_lembrete_24h,0,0,"Invalid login: 454-4.7.0 Too many login attempts, please try again later. For more information,
454-4.7.0 go to
454 4.7.0  https://support.google.com/mail/answer/7126229 af79cd13be357-8d00e5003c4sm241998985a.35 - gsmtp",2026-03-26 14:14:47
570117,690041,0,onboarding_lembrete_24h,0,1,,2026-03-26 14:14:48
570118,690031,0,onboarding_lembrete_24h,0,0,"Invalid login: 454-4.7.0 Too many login attempts, please try again later. For more information,
454-4.7.0 go to
454 4.7.0  https://support.google.com/mail/answer/7126229 6a1803df08f44-89cd5ab2b13sm23292456d6.49 - gsmtp",2026-03-26 14:14:48
570119,570089,0,onboarding_lembrete_24h,0,0,"Invalid login: 454-4.7.0 Too many login attempts, please try again later. For more information,
454-4.7.0 go to
454 4.7.0  https://support.google.com/mail/answer/7126229 6a1803df08f44-89cd5a6a840sm24980156d6.36 - gsmtp",2026-03-26 14:14:48
600001,870005,0,onboarding_lembrete_24h,0,1,,2026-03-26 15:07:40
600002,870004,0,onboarding_lembrete_24h,0,1,,2026-03-26 15:07:41
600003,870002,0,onboarding_lembrete_24h,0,1,,2026-03-26 15:07:42
600004,870003,0,onboarding_lembrete_24h,0,1,,2026-03-26 15:07:42
600005,870001,0,onboarding_lembrete_24h,0,1,,2026-03-26 15:07:43
600006,810012,0,onboarding_lembrete_24h,0,1,,2026-03-26 15:07:44
600007,810011,0,onboarding_lembrete_24h,0,1,,2026-03-26 15:07:45
600008,810010,0,onboarding_lembrete_24h,0,1,,2026-03-26 15:07:46
600009,810009,0,onboarding_lembrete_24h,0,1,,2026-03-26 15:07:47
600010,810008,0,onboarding_lembrete_24h,0,1,,2026-03-26 15:07:48
600011,810007,0,onboarding_lembrete_24h,0,1,,2026-03-26 15:07:49
600012,810006,0,onboarding_lembrete_24h,0,1,,2026-03-26 15:07:49
600013,810005,0,onboarding_lembrete_24h,0,1,,2026-03-26 15:07:50
600014,810004,0,onboarding_lembrete_24h,0,1,,2026-03-26 15:07:51
600015,810003,0,onboarding_lembrete_24h,0,1,,2026-03-26 15:07:52
600016,810002,0,onboarding_lembrete_24h,0,1,,2026-03-26 15:07:53
600017,810001,0,onboarding_lembrete_24h,0,1,,2026-03-26 15:07:54
600018,720021,0,onboarding_lembrete_24h,0,1,,2026-03-26 15:07:55
600019,720019,0,onboarding_lembrete_24h,0,1,,2026-03-26 15:07:59
600020,720017,0,onboarding_lembrete_24h,0,1,,2026-03-26 15:08:01
600021,720015,0,onboarding_lembrete_24h,0,1,,2026-03-26 15:08:02
600022,720014,0,onboarding_lembrete_24h,0,1,,2026-03-26 15:08:03
600023,720012,0,onboarding_lembrete_24h,0,1,,2026-03-26 15:08:04
600024,720011,0,onboarding_lembrete_24h,0,1,,2026-03-26 15:08:05
600025,720008,0,onboarding_lembrete_24h,0,1,,2026-03-26 15:08:05
600026,720006,0,onboarding_lembrete_24h,0,1,,2026-03-26 15:08:06
600027,720005,0,onboarding_lembrete_24h,0,1,,2026-03-26 15:08:07
600028,720002,0,onboarding_lembrete_24h,0,1,,2026-03-26 15:08:08
600029,720003,0,onboarding_lembrete_24h,0,1,,2026-03-26 15:08:09
600030,690062,0,onboarding_lembrete_24h,0,1,,2026-03-26 15:08:10
600031,690061,0,onboarding_lembrete_24h,0,1,,2026-03-26 15:08:11
600032,690056,0,onboarding_lembrete_24h,0,1,,2026-03-26 15:08:12
600033,690054,0,onboarding_lembrete_24h,0,1,,2026-03-26 15:08:13
600034,690055,0,onboarding_lembrete_24h,0,1,,2026-03-26 15:08:13
600035,690052,0,onboarding_lembrete_24h,0,1,,2026-03-26 15:08:18
600036,690048,0,onboarding_lembrete_24h,0,1,,2026-03-26 15:08:20
600037,690049,0,onboarding_lembrete_24h,0,1,,2026-03-26 15:08:20
600038,690042,0,onboarding_lembrete_24h,0,1,,2026-03-26 15:08:21
600039,690043,0,onboarding_lembrete_24h,0,1,,2026-03-26 15:08:22
600040,690031,0,onboarding_lembrete_24h,0,1,,2026-03-26 15:08:23
600041,570089,0,onboarding_lembrete_24h,0,1,,2026-03-26 15:08:23
600042,840012,0,onboarding_lembrete_24h,0,1,,2026-03-26 16:06:46
600043,840011,0,onboarding_lembrete_24h,0,1,,2026-03-26 16:06:47
600044,840010,0,onboarding_lembrete_24h,0,1,,2026-03-26 16:06:48
600045,840009,0,onboarding_lembrete_24h,0,1,,2026-03-26 16:06:49
600046,840008,0,onboarding_lembrete_24h,0,1,,2026-03-26 16:06:50
600047,840007,0,onboarding_lembrete_24h,0,1,,2026-03-26 16:06:51
600048,840006,0,onboarding_lembrete_24h,0,1,,2026-03-26 16:06:51
600049,840005,0,onboarding_lembrete_24h,0,1,,2026-03-26 16:06:52
600050,840004,0,onboarding_lembrete_24h,0,1,,2026-03-26 16:06:53
600051,840003,0,onboarding_lembrete_24h,0,1,,2026-03-26 16:06:54
600052,840002,0,onboarding_lembrete_24h,0,1,,2026-03-26 16:06:55
600053,840001,0,onboarding_lembrete_24h,0,1,,2026-03-26 16:06:56
600054,810018,0,onboarding_lembrete_24h,0,1,,2026-03-26 16:06:56
600055,810017,0,onboarding_lembrete_24h,0,1,,2026-03-26 16:06:57
600056,810016,0,onboarding_lembrete_24h,0,1,,2026-03-26 16:06:58
600057,810015,0,onboarding_lembrete_24h,0,1,,2026-03-26 16:06:59
600058,810014,0,onboarding_lembrete_24h,0,1,,2026-03-26 16:07:00
600059,810013,0,onboarding_lembrete_24h,0,1,,2026-03-26 16:07:01
