id,alunoId,competenciaId,isObrigatoria,notaAtual,metaNota,status,createdAt,updatedAt
60001,30090,30004,1,,7.00,pendente,2026-03-02 23:24:08,2026-03-02 23:24:08
60002,30090,30005,1,,7.00,pendente,2026-03-02 23:24:08,2026-03-02 23:24:08
60003,30090,30006,1,,7.00,pendente,2026-03-02 23:24:08,2026-03-02 23:24:08
60004,30090,30007,1,,7.00,pendente,2026-03-02 23:24:08,2026-03-02 23:24:08
60005,30090,30008,0,,7.00,pendente,2026-03-02 23:24:08,2026-03-02 23:24:08
60006,30090,30003,1,,7.00,pendente,2026-03-02 23:24:08,2026-03-02 23:24:08
60007,30090,30009,1,,7.00,pendente,2026-03-02 23:24:08,2026-03-02 23:24:08
60008,30090,30010,1,,7.00,pendente,2026-03-02 23:24:08,2026-03-02 23:24:08
60009,30070,30034,0,,7.00,pendente,2026-03-02 23:24:08,2026-03-02 23:24:08
60010,30070,30013,0,,7.00,pendente,2026-03-02 23:24:08,2026-03-02 23:24:08
60011,30070,30015,0,,7.00,pendente,2026-03-02 23:24:08,2026-03-02 23:24:08
60012,30070,30016,0,,7.00,pendente,2026-03-02 23:24:08,2026-03-02 23:24:08
60013,30070,30035,0,,7.00,pendente,2026-03-02 23:24:08,2026-03-02 23:24:08
60014,30070,30036,0,,7.00,pendente,2026-03-02 23:24:08,2026-03-02 23:24:08
60015,30070,30021,0,,7.00,pendente,2026-03-02 23:24:08,2026-03-02 23:24:08
60016,30070,30022,1,,7.00,pendente,2026-03-02 23:24:08,2026-03-02 23:24:08
60017,30070,30028,0,,7.00,pendente,2026-03-02 23:24:08,2026-03-02 23:24:08
60018,30094,30004,1,,7.00,pendente,2026-03-02 23:24:08,2026-03-02 23:24:08
60019,30094,30005,1,,7.00,pendente,2026-03-02 23:24:08,2026-03-02 23:24:08
60020,30094,30006,0,,7.00,pendente,2026-03-02 23:24:08,2026-03-02 23:24:08
60021,30094,30007,1,,7.00,pendente,2026-03-02 23:24:08,2026-03-02 23:24:08
60022,30094,30008,1,,7.00,pendente,2026-03-02 23:24:09,2026-03-02 23:24:09
60023,30094,30003,0,,7.00,pendente,2026-03-02 23:24:09,2026-03-02 23:24:09
60024,30094,30009,1,,7.00,pendente,2026-03-02 23:24:09,2026-03-02 23:24:09
60025,30094,30010,0,,7.00,pendente,2026-03-02 23:24:09,2026-03-02 23:24:09
60026,30005,30001,0,,7.00,pendente,2026-03-02 23:24:09,2026-03-02 23:24:09
60027,30005,30002,0,,7.00,pendente,2026-03-02 23:24:09,2026-03-02 23:24:09
60028,30005,30003,0,,7.00,pendente,2026-03-02 23:24:09,2026-03-02 23:24:09
60029,30005,30004,1,,7.00,pendente,2026-03-02 23:24:09,2026-03-02 23:24:09
60030,30005,30005,1,,7.00,pendente,2026-03-02 23:24:09,2026-03-02 23:24:09
60031,30005,30006,0,,7.00,pendente,2026-03-02 23:24:09,2026-03-02 23:24:09
60032,30005,30007,0,,7.00,pendente,2026-03-02 23:24:09,2026-03-02 23:24:09
60033,30005,30008,0,,7.00,pendente,2026-03-02 23:24:09,2026-03-02 23:24:09
60034,30005,30009,1,,7.00,pendente,2026-03-02 23:24:09,2026-03-02 23:24:09
60035,30005,30010,1,,7.00,pendente,2026-03-02 23:24:09,2026-03-02 23:24:09
60036,30005,30012,1,,7.00,pendente,2026-03-02 23:24:09,2026-03-02 23:24:09
60037,30005,30014,0,,7.00,pendente,2026-03-02 23:24:09,2026-03-02 23:24:09
60038,30005,30019,1,,7.00,pendente,2026-03-02 23:24:09,2026-03-02 23:24:09
60039,30005,30020,0,,7.00,pendente,2026-03-02 23:24:09,2026-03-02 23:24:09
60040,30005,30024,0,,7.00,pendente,2026-03-02 23:24:09,2026-03-02 23:24:09
60041,30005,30026,0,,7.00,pendente,2026-03-02 23:24:09,2026-03-02 23:24:09
60042,30005,30030,0,,7.00,pendente,2026-03-02 23:24:09,2026-03-02 23:24:09
60043,30005,30017,0,,7.00,pendente,2026-03-02 23:24:10,2026-03-02 23:24:10
60044,30005,30025,1,,7.00,pendente,2026-03-02 23:24:10,2026-03-02 23:24:10
60045,30005,30027,0,,7.00,pendente,2026-03-02 23:24:10,2026-03-02 23:24:10
60046,30005,30032,0,,7.00,pendente,2026-03-02 23:24:10,2026-03-02 23:24:10
60047,30005,30033,0,,7.00,pendente,2026-03-02 23:24:10,2026-03-02 23:24:10
60048,30007,30001,0,,7.00,pendente,2026-03-02 23:24:10,2026-03-02 23:24:10
60049,30007,30002,0,,7.00,pendente,2026-03-02 23:24:10,2026-03-02 23:24:10
60050,30007,30003,0,,7.00,pendente,2026-03-02 23:24:10,2026-03-02 23:24:10
60051,30007,30004,0,,7.00,pendente,2026-03-02 23:24:10,2026-03-02 23:24:10
60052,30007,30005,1,,7.00,pendente,2026-03-02 23:24:10,2026-03-02 23:24:10
60053,30007,30006,0,,7.00,pendente,2026-03-02 23:24:10,2026-03-02 23:24:10
60054,30007,30007,1,,7.00,pendente,2026-03-02 23:24:10,2026-03-02 23:24:10
60055,30007,30008,1,,7.00,pendente,2026-03-02 23:24:10,2026-03-02 23:24:10
60056,30007,30009,0,,7.00,pendente,2026-03-02 23:24:10,2026-03-02 23:24:10
60057,30007,30010,0,,7.00,pendente,2026-03-02 23:24:10,2026-03-02 23:24:10
60058,30007,30012,1,,7.00,pendente,2026-03-02 23:24:10,2026-03-02 23:24:10
60059,30007,30014,1,,7.00,pendente,2026-03-02 23:24:10,2026-03-02 23:24:10
60060,30007,30019,1,,7.00,pendente,2026-03-02 23:24:10,2026-03-02 23:24:10
60061,30007,30020,0,,7.00,pendente,2026-03-02 23:24:10,2026-03-02 23:24:10
60062,30007,30024,1,,7.00,pendente,2026-03-02 23:24:10,2026-03-02 23:24:10
60063,30007,30026,0,,7.00,pendente,2026-03-02 23:24:10,2026-03-02 23:24:10
60064,30007,30030,0,,7.00,pendente,2026-03-02 23:24:11,2026-03-02 23:24:11
60065,30007,30017,1,,7.00,pendente,2026-03-02 23:24:11,2026-03-02 23:24:11
60066,30007,30025,1,,7.00,pendente,2026-03-02 23:24:11,2026-03-02 23:24:11
60067,30007,30027,1,,7.00,pendente,2026-03-02 23:24:11,2026-03-02 23:24:11
60068,30007,30032,1,,7.00,pendente,2026-03-02 23:24:11,2026-03-02 23:24:11
60069,30007,30033,1,,7.00,pendente,2026-03-02 23:24:11,2026-03-02 23:24:11
60070,30071,30034,1,,7.00,pendente,2026-03-02 23:24:11,2026-03-02 23:24:11
60071,30071,30013,1,,7.00,pendente,2026-03-02 23:24:11,2026-03-02 23:24:11
60072,30071,30015,1,,7.00,pendente,2026-03-02 23:24:11,2026-03-02 23:24:11
60073,30071,30016,1,,7.00,pendente,2026-03-02 23:24:11,2026-03-02 23:24:11
60074,30071,30035,0,,7.00,pendente,2026-03-02 23:24:11,2026-03-02 23:24:11
60075,30071,30036,0,,7.00,pendente,2026-03-02 23:24:11,2026-03-02 23:24:11
60076,30071,30021,0,,7.00,pendente,2026-03-02 23:24:11,2026-03-02 23:24:11
60077,30071,30022,1,,7.00,pendente,2026-03-02 23:24:11,2026-03-02 23:24:11
60078,30071,30028,1,,7.00,pendente,2026-03-02 23:24:11,2026-03-02 23:24:11
60079,30081,30004,1,,7.00,pendente,2026-03-02 23:24:11,2026-03-02 23:24:11
60080,30081,30005,1,,7.00,pendente,2026-03-02 23:24:11,2026-03-02 23:24:11
60081,30081,30006,0,,7.00,pendente,2026-03-02 23:24:11,2026-03-02 23:24:11
60082,30081,30007,1,,7.00,pendente,2026-03-02 23:24:11,2026-03-02 23:24:11
60083,30081,30008,1,,7.00,pendente,2026-03-02 23:24:11,2026-03-02 23:24:11
60084,30081,30003,1,,7.00,pendente,2026-03-02 23:24:11,2026-03-02 23:24:11
60085,30081,30009,1,,7.00,pendente,2026-03-02 23:24:12,2026-03-02 23:24:12
60086,30081,30010,0,,7.00,pendente,2026-03-02 23:24:12,2026-03-02 23:24:12
60087,30081,30012,1,,7.00,pendente,2026-03-02 23:24:12,2026-03-02 23:24:12
60088,30081,30014,1,,7.00,pendente,2026-03-02 23:24:12,2026-03-02 23:24:12
60089,30081,30019,1,,7.00,pendente,2026-03-02 23:24:12,2026-03-02 23:24:12
60090,30081,30020,1,,7.00,pendente,2026-03-02 23:24:12,2026-03-02 23:24:12
60091,30081,30024,1,,7.00,pendente,2026-03-02 23:24:12,2026-03-02 23:24:12
60092,30081,30026,1,,7.00,pendente,2026-03-02 23:24:12,2026-03-02 23:24:12
60093,30081,30030,1,,7.00,pendente,2026-03-02 23:24:12,2026-03-02 23:24:12
60094,30072,30034,0,,7.00,pendente,2026-03-02 23:24:12,2026-03-02 23:24:12
60095,30072,30013,0,,7.00,pendente,2026-03-02 23:24:12,2026-03-02 23:24:12
60096,30072,30015,1,,7.00,pendente,2026-03-02 23:24:12,2026-03-02 23:24:12
60097,30072,30016,0,,7.00,pendente,2026-03-02 23:24:12,2026-03-02 23:24:12
60098,30072,30035,0,,7.00,pendente,2026-03-02 23:24:12,2026-03-02 23:24:12
60099,30072,30036,0,,7.00,pendente,2026-03-02 23:24:12,2026-03-02 23:24:12
60100,30072,30021,0,,7.00,pendente,2026-03-02 23:24:12,2026-03-02 23:24:12
60101,30072,30022,1,,7.00,pendente,2026-03-02 23:24:12,2026-03-02 23:24:12
60102,30072,30028,1,,7.00,pendente,2026-03-02 23:24:12,2026-03-02 23:24:12
60103,30046,30004,1,,7.00,pendente,2026-03-02 23:24:12,2026-03-02 23:24:12
60104,30046,30005,0,,7.00,pendente,2026-03-02 23:24:12,2026-03-02 23:24:12
60105,30046,30006,1,,7.00,pendente,2026-03-02 23:24:12,2026-03-02 23:24:12
60106,30046,30007,1,,7.00,pendente,2026-03-02 23:24:13,2026-03-02 23:24:13
60107,30046,30008,1,,7.00,pendente,2026-03-02 23:24:13,2026-03-02 23:24:13
60108,30046,30003,1,,7.00,pendente,2026-03-02 23:24:13,2026-03-02 23:24:13
60109,30046,30009,1,,7.00,pendente,2026-03-02 23:24:13,2026-03-02 23:24:13
60110,30046,30010,0,,7.00,pendente,2026-03-02 23:24:13,2026-03-02 23:24:13
60111,30046,30013,0,,7.00,pendente,2026-03-02 23:24:13,2026-03-02 23:24:13
60112,30046,30022,0,,7.00,pendente,2026-03-02 23:24:13,2026-03-02 23:24:13
60113,30046,30028,0,,7.00,pendente,2026-03-02 23:24:13,2026-03-02 23:24:13
60114,30089,30004,1,,7.00,pendente,2026-03-02 23:24:13,2026-03-02 23:24:13
60115,30089,30005,1,,7.00,pendente,2026-03-02 23:24:13,2026-03-02 23:24:13
60116,30089,30006,0,,7.00,pendente,2026-03-02 23:24:13,2026-03-02 23:24:13
60117,30089,30007,0,,7.00,pendente,2026-03-02 23:24:13,2026-03-02 23:24:13
60118,30089,30008,1,,7.00,pendente,2026-03-02 23:24:13,2026-03-02 23:24:13
60119,30089,30003,1,,7.00,pendente,2026-03-02 23:24:13,2026-03-02 23:24:13
60120,30089,30009,1,,7.00,pendente,2026-03-02 23:24:13,2026-03-02 23:24:13
60121,30089,30010,0,,7.00,pendente,2026-03-02 23:24:13,2026-03-02 23:24:13
60122,30089,30012,1,,7.00,pendente,2026-03-02 23:24:13,2026-03-02 23:24:13
60123,30089,30014,1,,7.00,pendente,2026-03-02 23:24:13,2026-03-02 23:24:13
60124,30089,30019,1,,7.00,pendente,2026-03-02 23:24:13,2026-03-02 23:24:13
60125,30089,30020,1,,7.00,pendente,2026-03-02 23:24:13,2026-03-02 23:24:13
60126,30089,30024,1,,7.00,pendente,2026-03-02 23:24:13,2026-03-02 23:24:13
60127,30089,30026,1,,7.00,pendente,2026-03-02 23:24:14,2026-03-02 23:24:14
60128,30089,30030,1,,7.00,pendente,2026-03-02 23:24:14,2026-03-02 23:24:14
60129,30073,30034,1,,7.00,pendente,2026-03-02 23:24:14,2026-03-02 23:24:14
60130,30073,30013,0,,7.00,pendente,2026-03-02 23:24:14,2026-03-02 23:24:14
60131,30073,30015,1,,7.00,pendente,2026-03-02 23:24:14,2026-03-02 23:24:14
60132,30073,30016,0,,7.00,pendente,2026-03-02 23:24:14,2026-03-02 23:24:14
60133,30073,30035,0,,7.00,pendente,2026-03-02 23:24:14,2026-03-02 23:24:14
60134,30073,30036,0,,7.00,pendente,2026-03-02 23:24:14,2026-03-02 23:24:14
60135,30073,30021,0,,7.00,pendente,2026-03-02 23:24:14,2026-03-02 23:24:14
60136,30073,30022,1,,7.00,pendente,2026-03-02 23:24:14,2026-03-02 23:24:14
60137,30073,30028,0,,7.00,pendente,2026-03-02 23:24:14,2026-03-02 23:24:14
60138,30074,30034,1,,7.00,pendente,2026-03-02 23:24:14,2026-03-02 23:24:14
60139,30074,30013,1,,7.00,pendente,2026-03-02 23:24:14,2026-03-02 23:24:14
60140,30074,30015,1,,7.00,pendente,2026-03-02 23:24:14,2026-03-02 23:24:14
60141,30074,30016,1,,7.00,pendente,2026-03-02 23:24:14,2026-03-02 23:24:14
60142,30074,30035,1,,7.00,pendente,2026-03-02 23:24:14,2026-03-02 23:24:14
60143,30074,30036,1,,7.00,pendente,2026-03-02 23:24:14,2026-03-02 23:24:14
60144,30074,30021,0,,7.00,pendente,2026-03-02 23:24:14,2026-03-02 23:24:14
60145,30074,30022,0,,7.00,pendente,2026-03-02 23:24:14,2026-03-02 23:24:14
60146,30074,30028,1,,7.00,pendente,2026-03-02 23:24:14,2026-03-02 23:24:14
60147,30009,30001,0,,7.00,pendente,2026-03-02 23:24:14,2026-03-02 23:24:14
60148,30009,30002,0,,7.00,pendente,2026-03-02 23:24:15,2026-03-02 23:24:15
60149,30009,30003,0,,7.00,pendente,2026-03-02 23:24:15,2026-03-02 23:24:15
60150,30009,30004,1,,7.00,pendente,2026-03-02 23:24:15,2026-03-02 23:24:15
60151,30009,30005,1,,7.00,pendente,2026-03-02 23:24:15,2026-03-02 23:24:15
60152,30009,30006,0,,7.00,pendente,2026-03-02 23:24:15,2026-03-02 23:24:15
60153,30009,30007,0,,7.00,pendente,2026-03-02 23:24:15,2026-03-02 23:24:15
60154,30009,30008,1,,7.00,pendente,2026-03-02 23:24:15,2026-03-02 23:24:15
60155,30009,30009,0,,7.00,pendente,2026-03-02 23:24:15,2026-03-02 23:24:15
60156,30009,30010,0,,7.00,pendente,2026-03-02 23:24:15,2026-03-02 23:24:15
60157,30009,30012,0,,7.00,pendente,2026-03-02 23:24:15,2026-03-02 23:24:15
60158,30009,30014,1,,7.00,pendente,2026-03-02 23:24:15,2026-03-02 23:24:15
60159,30009,30019,0,,7.00,pendente,2026-03-02 23:24:15,2026-03-02 23:24:15
60160,30009,30020,1,,7.00,pendente,2026-03-02 23:24:15,2026-03-02 23:24:15
60161,30009,30024,1,,7.00,pendente,2026-03-02 23:24:15,2026-03-02 23:24:15
60162,30009,30026,1,,7.00,pendente,2026-03-02 23:24:15,2026-03-02 23:24:15
60163,30009,30030,1,,7.00,pendente,2026-03-02 23:24:15,2026-03-02 23:24:15
60164,30009,30017,0,,7.00,pendente,2026-03-02 23:24:15,2026-03-02 23:24:15
60165,30009,30025,0,,7.00,pendente,2026-03-02 23:24:15,2026-03-02 23:24:15
60166,30009,30027,0,,7.00,pendente,2026-03-02 23:24:15,2026-03-02 23:24:15
60167,30009,30032,0,,7.00,pendente,2026-03-02 23:24:15,2026-03-02 23:24:15
60168,30009,30033,0,,7.00,pendente,2026-03-02 23:24:16,2026-03-02 23:24:16
60169,30016,30001,0,,7.00,pendente,2026-03-02 23:24:16,2026-03-02 23:24:16
60170,30016,30002,0,,7.00,pendente,2026-03-02 23:24:16,2026-03-02 23:24:16
60171,30016,30003,0,,7.00,pendente,2026-03-02 23:24:16,2026-03-02 23:24:16
60172,30016,30004,0,,7.00,pendente,2026-03-02 23:24:16,2026-03-02 23:24:16
60173,30016,30005,0,,7.00,pendente,2026-03-02 23:24:16,2026-03-02 23:24:16
60174,30016,30006,0,,7.00,pendente,2026-03-02 23:24:16,2026-03-02 23:24:16
60175,30016,30007,0,,7.00,pendente,2026-03-02 23:24:16,2026-03-02 23:24:16
60176,30016,30008,1,,7.00,pendente,2026-03-02 23:24:16,2026-03-02 23:24:16
60177,30016,30009,0,,7.00,pendente,2026-03-02 23:24:16,2026-03-02 23:24:16
60178,30016,30010,1,,7.00,pendente,2026-03-02 23:24:16,2026-03-02 23:24:16
60179,30016,30012,1,,7.00,pendente,2026-03-02 23:24:16,2026-03-02 23:24:16
60180,30016,30014,1,,7.00,pendente,2026-03-02 23:24:16,2026-03-02 23:24:16
60181,30016,30019,1,,7.00,pendente,2026-03-02 23:24:16,2026-03-02 23:24:16
60182,30016,30020,1,,7.00,pendente,2026-03-02 23:24:16,2026-03-02 23:24:16
60183,30016,30024,1,,7.00,pendente,2026-03-02 23:24:16,2026-03-02 23:24:16
60184,30016,30026,1,,7.00,pendente,2026-03-02 23:24:16,2026-03-02 23:24:16
60185,30016,30030,0,,7.00,pendente,2026-03-02 23:24:16,2026-03-02 23:24:16
60186,30016,30017,1,,7.00,pendente,2026-03-02 23:24:16,2026-03-02 23:24:16
60187,30016,30025,1,,7.00,pendente,2026-03-02 23:24:16,2026-03-02 23:24:16
60188,30016,30027,0,,7.00,pendente,2026-03-02 23:24:16,2026-03-02 23:24:16
60189,30016,30032,0,,7.00,pendente,2026-03-02 23:24:17,2026-03-02 23:24:17
60190,30016,30033,0,,7.00,pendente,2026-03-02 23:24:17,2026-03-02 23:24:17
60191,30075,30034,1,,7.00,pendente,2026-03-02 23:24:17,2026-03-02 23:24:17
60192,30075,30013,1,,7.00,pendente,2026-03-02 23:24:17,2026-03-02 23:24:17
60193,30075,30015,1,,7.00,pendente,2026-03-02 23:24:17,2026-03-02 23:24:17
60194,30075,30016,1,,7.00,pendente,2026-03-02 23:24:17,2026-03-02 23:24:17
60195,30075,30035,0,,7.00,pendente,2026-03-02 23:24:17,2026-03-02 23:24:17
60196,30075,30036,0,,7.00,pendente,2026-03-02 23:24:17,2026-03-02 23:24:17
60197,30075,30021,0,,7.00,pendente,2026-03-02 23:24:17,2026-03-02 23:24:17
60198,30075,30022,1,,7.00,pendente,2026-03-02 23:24:17,2026-03-02 23:24:17
60199,30075,30028,1,,7.00,pendente,2026-03-02 23:24:17,2026-03-02 23:24:17
60200,30045,30004,1,,7.00,pendente,2026-03-02 23:24:17,2026-03-02 23:24:17
60201,30045,30005,1,,7.00,pendente,2026-03-02 23:24:17,2026-03-02 23:24:17
60202,30045,30006,1,,7.00,pendente,2026-03-02 23:24:17,2026-03-02 23:24:17
60203,30045,30007,1,,7.00,pendente,2026-03-02 23:24:17,2026-03-02 23:24:17
60204,30045,30008,1,,7.00,pendente,2026-03-02 23:24:17,2026-03-02 23:24:17
60205,30045,30003,1,,7.00,pendente,2026-03-02 23:24:17,2026-03-02 23:24:17
60206,30045,30009,1,,7.00,pendente,2026-03-02 23:24:17,2026-03-02 23:24:17
60207,30045,30010,1,,7.00,pendente,2026-03-02 23:24:17,2026-03-02 23:24:17
60208,30045,30013,0,,7.00,pendente,2026-03-02 23:24:17,2026-03-02 23:24:17
60209,30045,30022,0,,7.00,pendente,2026-03-02 23:24:17,2026-03-02 23:24:17
60210,30045,30028,0,,7.00,pendente,2026-03-02 23:24:18,2026-03-02 23:24:18
60211,30076,30034,1,,7.00,pendente,2026-03-02 23:24:18,2026-03-02 23:24:18
60212,30076,30013,1,,7.00,pendente,2026-03-02 23:24:18,2026-03-02 23:24:18
60213,30076,30015,0,,7.00,pendente,2026-03-02 23:24:18,2026-03-02 23:24:18
60214,30076,30016,1,,7.00,pendente,2026-03-02 23:24:18,2026-03-02 23:24:18
60215,30076,30035,1,,7.00,pendente,2026-03-02 23:24:18,2026-03-02 23:24:18
60216,30076,30036,1,,7.00,pendente,2026-03-02 23:24:18,2026-03-02 23:24:18
60217,30076,30021,0,,7.00,pendente,2026-03-02 23:24:18,2026-03-02 23:24:18
60218,30076,30022,1,,7.00,pendente,2026-03-02 23:24:18,2026-03-02 23:24:18
60219,30076,30028,1,,7.00,pendente,2026-03-02 23:24:18,2026-03-02 23:24:18
60220,30079,30004,1,,7.00,pendente,2026-03-02 23:24:18,2026-03-02 23:24:18
60221,30079,30005,1,,7.00,pendente,2026-03-02 23:24:18,2026-03-02 23:24:18
60222,30079,30006,1,,7.00,pendente,2026-03-02 23:24:18,2026-03-02 23:24:18
60223,30079,30007,1,,7.00,pendente,2026-03-02 23:24:18,2026-03-02 23:24:18
60224,30079,30008,1,,7.00,pendente,2026-03-02 23:24:18,2026-03-02 23:24:18
60225,30079,30003,1,,7.00,pendente,2026-03-02 23:24:18,2026-03-02 23:24:18
60226,30079,30009,1,,7.00,pendente,2026-03-02 23:24:18,2026-03-02 23:24:18
60227,30079,30010,1,,7.00,pendente,2026-03-02 23:24:18,2026-03-02 23:24:18
60228,30079,30012,1,,7.00,pendente,2026-03-02 23:24:18,2026-03-02 23:24:18
60229,30079,30014,1,,7.00,pendente,2026-03-02 23:24:18,2026-03-02 23:24:18
60230,30079,30019,0,,7.00,pendente,2026-03-02 23:24:18,2026-03-02 23:24:18
60231,30079,30020,1,,7.00,pendente,2026-03-02 23:24:19,2026-03-02 23:24:19
60232,30079,30024,1,,7.00,pendente,2026-03-02 23:24:19,2026-03-02 23:24:19
60233,30079,30026,1,,7.00,pendente,2026-03-02 23:24:19,2026-03-02 23:24:19
60234,30079,30030,1,,7.00,pendente,2026-03-02 23:24:19,2026-03-02 23:24:19
60235,30077,30034,1,,7.00,pendente,2026-03-02 23:24:19,2026-03-02 23:24:19
60236,30077,30013,1,,7.00,pendente,2026-03-02 23:24:19,2026-03-02 23:24:19
60237,30077,30015,1,,7.00,pendente,2026-03-02 23:24:19,2026-03-02 23:24:19
60238,30077,30016,0,,7.00,pendente,2026-03-02 23:24:19,2026-03-02 23:24:19
60239,30077,30035,1,,7.00,pendente,2026-03-02 23:24:19,2026-03-02 23:24:19
60240,30077,30036,0,,7.00,pendente,2026-03-02 23:24:19,2026-03-02 23:24:19
60241,30077,30021,0,,7.00,pendente,2026-03-02 23:24:19,2026-03-02 23:24:19
60242,30077,30022,1,,7.00,pendente,2026-03-02 23:24:19,2026-03-02 23:24:19
60243,30077,30028,1,,7.00,pendente,2026-03-02 23:24:19,2026-03-02 23:24:19
60244,30099,30004,1,,7.00,pendente,2026-03-02 23:24:19,2026-03-02 23:24:19
60245,30099,30005,1,,7.00,pendente,2026-03-02 23:24:19,2026-03-02 23:24:19
60246,30099,30006,1,,7.00,pendente,2026-03-02 23:24:19,2026-03-02 23:24:19
60247,30099,30007,1,,7.00,pendente,2026-03-02 23:24:19,2026-03-02 23:24:19
60248,30099,30008,1,,7.00,pendente,2026-03-02 23:24:19,2026-03-02 23:24:19
60249,30099,30003,1,,7.00,pendente,2026-03-02 23:24:19,2026-03-02 23:24:19
60250,30099,30009,1,,7.00,pendente,2026-03-02 23:24:19,2026-03-02 23:24:19
60251,30099,30010,1,,7.00,pendente,2026-03-02 23:24:19,2026-03-02 23:24:19
60252,30031,30001,0,,7.00,pendente,2026-03-02 23:24:20,2026-03-02 23:24:20
60253,30031,30003,0,,7.00,pendente,2026-03-02 23:24:20,2026-03-02 23:24:20
60254,30031,30004,1,,7.00,pendente,2026-03-02 23:24:20,2026-03-02 23:24:20
60255,30031,30005,0,,7.00,pendente,2026-03-02 23:24:20,2026-03-02 23:24:20
60256,30031,30006,0,,7.00,pendente,2026-03-02 23:24:20,2026-03-02 23:24:20
60257,30031,30007,0,,7.00,pendente,2026-03-02 23:24:20,2026-03-02 23:24:20
60258,30031,30008,1,,7.00,pendente,2026-03-02 23:24:20,2026-03-02 23:24:20
60259,30031,30009,0,,7.00,pendente,2026-03-02 23:24:20,2026-03-02 23:24:20
60260,30031,30010,0,,7.00,pendente,2026-03-02 23:24:20,2026-03-02 23:24:20
60261,30031,30012,1,,7.00,pendente,2026-03-02 23:24:20,2026-03-02 23:24:20
60262,30031,30014,1,,7.00,pendente,2026-03-02 23:24:20,2026-03-02 23:24:20
60263,30031,30019,1,,7.00,pendente,2026-03-02 23:24:20,2026-03-02 23:24:20
60264,30031,30020,1,,7.00,pendente,2026-03-02 23:24:20,2026-03-02 23:24:20
60265,30031,30024,1,,7.00,pendente,2026-03-02 23:24:20,2026-03-02 23:24:20
60266,30031,30026,1,,7.00,pendente,2026-03-02 23:24:20,2026-03-02 23:24:20
60267,30031,30030,1,,7.00,pendente,2026-03-02 23:24:20,2026-03-02 23:24:20
60268,30031,30017,1,,7.00,pendente,2026-03-02 23:24:20,2026-03-02 23:24:20
60269,30031,30025,1,,7.00,pendente,2026-03-02 23:24:20,2026-03-02 23:24:20
60270,30031,30027,1,,7.00,pendente,2026-03-02 23:24:20,2026-03-02 23:24:20
60271,30031,30032,1,,7.00,pendente,2026-03-02 23:24:20,2026-03-02 23:24:20
60272,30031,30033,1,,7.00,pendente,2026-03-02 23:24:20,2026-03-02 23:24:20
60273,30078,30034,1,,7.00,pendente,2026-03-02 23:24:21,2026-03-02 23:24:21
60274,30078,30013,1,,7.00,pendente,2026-03-02 23:24:21,2026-03-02 23:24:21
60275,30078,30015,0,,7.00,pendente,2026-03-02 23:24:21,2026-03-02 23:24:21
60276,30078,30016,1,,7.00,pendente,2026-03-02 23:24:21,2026-03-02 23:24:21
60277,30078,30035,1,,7.00,pendente,2026-03-02 23:24:21,2026-03-02 23:24:21
60278,30078,30036,1,,7.00,pendente,2026-03-02 23:24:21,2026-03-02 23:24:21
60279,30078,30021,1,,7.00,pendente,2026-03-02 23:24:21,2026-03-02 23:24:21
60280,30078,30022,1,,7.00,pendente,2026-03-02 23:24:21,2026-03-02 23:24:21
60281,30078,30028,1,,7.00,pendente,2026-03-02 23:24:21,2026-03-02 23:24:21
60282,30095,30004,1,,7.00,pendente,2026-03-02 23:24:21,2026-03-02 23:24:21
60283,30095,30005,1,,7.00,pendente,2026-03-02 23:24:21,2026-03-02 23:24:21
60284,30095,30006,1,,7.00,pendente,2026-03-02 23:24:21,2026-03-02 23:24:21
60285,30095,30007,1,,7.00,pendente,2026-03-02 23:24:21,2026-03-02 23:24:21
60286,30095,30008,1,,7.00,pendente,2026-03-02 23:24:21,2026-03-02 23:24:21
60287,30095,30003,0,,7.00,pendente,2026-03-02 23:24:21,2026-03-02 23:24:21
60288,30095,30009,1,,7.00,pendente,2026-03-02 23:24:21,2026-03-02 23:24:21
60289,30095,30010,0,,7.00,pendente,2026-03-02 23:24:21,2026-03-02 23:24:21
60290,30091,30004,1,,7.00,pendente,2026-03-02 23:24:21,2026-03-02 23:24:21
60291,30091,30005,1,,7.00,pendente,2026-03-02 23:24:21,2026-03-02 23:24:21
60292,30091,30006,0,,7.00,pendente,2026-03-02 23:24:21,2026-03-02 23:24:21
60293,30091,30007,1,,7.00,pendente,2026-03-02 23:24:21,2026-03-02 23:24:21
60294,30091,30008,1,,7.00,pendente,2026-03-02 23:24:22,2026-03-02 23:24:22
60295,30091,30003,1,,7.00,pendente,2026-03-02 23:24:22,2026-03-02 23:24:22
60296,30091,30009,1,,7.00,pendente,2026-03-02 23:24:22,2026-03-02 23:24:22
60297,30091,30010,1,,7.00,pendente,2026-03-02 23:24:22,2026-03-02 23:24:22
60298,30097,30004,1,,7.00,pendente,2026-03-02 23:24:22,2026-03-02 23:24:22
60299,30097,30005,0,,7.00,pendente,2026-03-02 23:24:22,2026-03-02 23:24:22
60300,30097,30006,1,,7.00,pendente,2026-03-02 23:24:22,2026-03-02 23:24:22
60301,30097,30007,0,,7.00,pendente,2026-03-02 23:24:22,2026-03-02 23:24:22
60302,30097,30008,1,,7.00,pendente,2026-03-02 23:24:22,2026-03-02 23:24:22
60303,30097,30003,1,,7.00,pendente,2026-03-02 23:24:22,2026-03-02 23:24:22
60304,30097,30009,1,,7.00,pendente,2026-03-02 23:24:22,2026-03-02 23:24:22
60305,30097,30010,1,,7.00,pendente,2026-03-02 23:24:22,2026-03-02 23:24:22
60306,30087,30004,1,,7.00,pendente,2026-03-02 23:24:22,2026-03-02 23:24:22
60307,30087,30005,1,,7.00,pendente,2026-03-02 23:24:22,2026-03-02 23:24:22
60308,30087,30006,0,,7.00,pendente,2026-03-02 23:24:22,2026-03-02 23:24:22
60309,30087,30007,0,,7.00,pendente,2026-03-02 23:24:22,2026-03-02 23:24:22
60310,30087,30008,0,,7.00,pendente,2026-03-02 23:24:22,2026-03-02 23:24:22
60311,30087,30003,1,,7.00,pendente,2026-03-02 23:24:22,2026-03-02 23:24:22
60312,30087,30009,1,,7.00,pendente,2026-03-02 23:24:22,2026-03-02 23:24:22
60313,30087,30010,1,,7.00,pendente,2026-03-02 23:24:22,2026-03-02 23:24:22
60314,30087,30012,1,,7.00,pendente,2026-03-02 23:24:22,2026-03-02 23:24:22
60315,30087,30014,1,,7.00,pendente,2026-03-02 23:24:23,2026-03-02 23:24:23
60316,30087,30019,1,,7.00,pendente,2026-03-02 23:24:23,2026-03-02 23:24:23
60317,30087,30020,1,,7.00,pendente,2026-03-02 23:24:23,2026-03-02 23:24:23
60318,30087,30024,1,,7.00,pendente,2026-03-02 23:24:23,2026-03-02 23:24:23
60319,30087,30026,1,,7.00,pendente,2026-03-02 23:24:23,2026-03-02 23:24:23
60320,30087,30030,0,,7.00,pendente,2026-03-02 23:24:23,2026-03-02 23:24:23
60321,30083,30004,1,,7.00,pendente,2026-03-02 23:24:23,2026-03-02 23:24:23
60322,30083,30005,1,,7.00,pendente,2026-03-02 23:24:23,2026-03-02 23:24:23
60323,30083,30006,1,,7.00,pendente,2026-03-02 23:24:23,2026-03-02 23:24:23
60324,30083,30007,1,,7.00,pendente,2026-03-02 23:24:23,2026-03-02 23:24:23
60325,30083,30008,1,,7.00,pendente,2026-03-02 23:24:23,2026-03-02 23:24:23
60326,30083,30003,1,,7.00,pendente,2026-03-02 23:24:23,2026-03-02 23:24:23
60327,30083,30009,1,,7.00,pendente,2026-03-02 23:24:23,2026-03-02 23:24:23
60328,30083,30010,1,,7.00,pendente,2026-03-02 23:24:23,2026-03-02 23:24:23
60329,30083,30012,1,,7.00,pendente,2026-03-02 23:24:23,2026-03-02 23:24:23
60330,30083,30014,1,,7.00,pendente,2026-03-02 23:24:23,2026-03-02 23:24:23
60331,30083,30019,1,,7.00,pendente,2026-03-02 23:24:23,2026-03-02 23:24:23
60332,30083,30020,1,,7.00,pendente,2026-03-02 23:24:23,2026-03-02 23:24:23
60333,30083,30024,1,,7.00,pendente,2026-03-02 23:24:23,2026-03-02 23:24:23
60334,30083,30026,1,,7.00,pendente,2026-03-02 23:24:23,2026-03-02 23:24:23
60335,30083,30030,1,,7.00,pendente,2026-03-02 23:24:23,2026-03-02 23:24:23
60336,30032,30004,1,,7.00,pendente,2026-03-02 23:24:24,2026-03-02 23:24:24
60337,30032,30005,0,,7.00,pendente,2026-03-02 23:24:24,2026-03-02 23:24:24
60338,30032,30006,0,,7.00,pendente,2026-03-02 23:24:24,2026-03-02 23:24:24
60339,30032,30007,1,,7.00,pendente,2026-03-02 23:24:24,2026-03-02 23:24:24
60340,30032,30008,1,,7.00,pendente,2026-03-02 23:24:24,2026-03-02 23:24:24
60341,30032,30009,1,,7.00,pendente,2026-03-02 23:24:24,2026-03-02 23:24:24
60342,30032,30010,1,,7.00,pendente,2026-03-02 23:24:24,2026-03-02 23:24:24
60343,30032,30012,1,,7.00,pendente,2026-03-02 23:24:24,2026-03-02 23:24:24
60344,30032,30014,1,,7.00,pendente,2026-03-02 23:24:24,2026-03-02 23:24:24
60345,30032,30019,1,,7.00,pendente,2026-03-02 23:24:24,2026-03-02 23:24:24
60346,30032,30020,1,,7.00,pendente,2026-03-02 23:24:24,2026-03-02 23:24:24
60347,30032,30024,0,,7.00,pendente,2026-03-02 23:24:24,2026-03-02 23:24:24
60348,30032,30026,1,,7.00,pendente,2026-03-02 23:24:24,2026-03-02 23:24:24
60349,30032,30030,0,,7.00,pendente,2026-03-02 23:24:24,2026-03-02 23:24:24
60350,30032,30017,1,,7.00,pendente,2026-03-02 23:24:24,2026-03-02 23:24:24
60351,30032,30025,1,,7.00,pendente,2026-03-02 23:24:24,2026-03-02 23:24:24
60352,30032,30027,1,,7.00,pendente,2026-03-02 23:24:24,2026-03-02 23:24:24
60353,30032,30032,1,,7.00,pendente,2026-03-02 23:24:24,2026-03-02 23:24:24
60354,30032,30033,1,,7.00,pendente,2026-03-02 23:24:24,2026-03-02 23:24:24
60355,30047,30034,1,,7.00,pendente,2026-03-02 23:24:24,2026-03-02 23:24:24
60356,30047,30013,1,,7.00,pendente,2026-03-02 23:24:24,2026-03-02 23:24:24
60357,30047,30015,1,,7.00,pendente,2026-03-02 23:24:24,2026-03-02 23:24:24
60358,30047,30016,0,,7.00,pendente,2026-03-02 23:24:25,2026-03-02 23:24:25
60359,30047,30035,0,,7.00,pendente,2026-03-02 23:24:25,2026-03-02 23:24:25
60360,30047,30036,1,,7.00,pendente,2026-03-02 23:24:25,2026-03-02 23:24:25
60361,30047,30021,0,,7.00,pendente,2026-03-02 23:24:25,2026-03-02 23:24:25
60362,30047,30022,1,,7.00,pendente,2026-03-02 23:24:25,2026-03-02 23:24:25
60363,30047,30028,1,,7.00,pendente,2026-03-02 23:24:25,2026-03-02 23:24:25
60364,30033,30004,1,,7.00,pendente,2026-03-02 23:24:25,2026-03-02 23:24:25
60365,30033,30005,1,,7.00,pendente,2026-03-02 23:24:25,2026-03-02 23:24:25
60366,30033,30006,1,,7.00,pendente,2026-03-02 23:24:25,2026-03-02 23:24:25
60367,30033,30007,1,,7.00,pendente,2026-03-02 23:24:25,2026-03-02 23:24:25
60368,30033,30008,1,,7.00,pendente,2026-03-02 23:24:25,2026-03-02 23:24:25
60369,30033,30009,1,,7.00,pendente,2026-03-02 23:24:25,2026-03-02 23:24:25
60370,30033,30010,1,,7.00,pendente,2026-03-02 23:24:25,2026-03-02 23:24:25
60371,30033,30012,1,,7.00,pendente,2026-03-02 23:24:25,2026-03-02 23:24:25
60372,30033,30014,1,,7.00,pendente,2026-03-02 23:24:25,2026-03-02 23:24:25
60373,30033,30019,1,,7.00,pendente,2026-03-02 23:24:25,2026-03-02 23:24:25
60374,30033,30020,1,,7.00,pendente,2026-03-02 23:24:25,2026-03-02 23:24:25
60375,30033,30024,1,,7.00,pendente,2026-03-02 23:24:25,2026-03-02 23:24:25
60376,30033,30026,1,,7.00,pendente,2026-03-02 23:24:25,2026-03-02 23:24:25
60377,30033,30030,1,,7.00,pendente,2026-03-02 23:24:25,2026-03-02 23:24:25
60378,30033,30017,1,,7.00,pendente,2026-03-02 23:24:25,2026-03-02 23:24:25
60379,30033,30025,1,,7.00,pendente,2026-03-02 23:24:26,2026-03-02 23:24:26
60380,30033,30027,1,,7.00,pendente,2026-03-02 23:24:26,2026-03-02 23:24:26
60381,30033,30032,1,,7.00,pendente,2026-03-02 23:24:26,2026-03-02 23:24:26
60382,30033,30033,1,,7.00,pendente,2026-03-02 23:24:26,2026-03-02 23:24:26
60383,30012,30001,0,,7.00,pendente,2026-03-02 23:24:26,2026-03-02 23:24:26
60384,30012,30002,0,,7.00,pendente,2026-03-02 23:24:26,2026-03-02 23:24:26
60385,30012,30003,0,,7.00,pendente,2026-03-02 23:24:26,2026-03-02 23:24:26
60386,30012,30004,0,,7.00,pendente,2026-03-02 23:24:26,2026-03-02 23:24:26
60387,30012,30005,0,,7.00,pendente,2026-03-02 23:24:26,2026-03-02 23:24:26
60388,30012,30006,0,,7.00,pendente,2026-03-02 23:24:26,2026-03-02 23:24:26
60389,30012,30007,0,,7.00,pendente,2026-03-02 23:24:26,2026-03-02 23:24:26
60390,30012,30008,0,,7.00,pendente,2026-03-02 23:24:26,2026-03-02 23:24:26
60391,30012,30009,1,,7.00,pendente,2026-03-02 23:24:26,2026-03-02 23:24:26
60392,30012,30010,0,,7.00,pendente,2026-03-02 23:24:26,2026-03-02 23:24:26
60393,30012,30012,1,,7.00,pendente,2026-03-02 23:24:26,2026-03-02 23:24:26
60394,30012,30014,1,,7.00,pendente,2026-03-02 23:24:26,2026-03-02 23:24:26
60395,30012,30019,0,,7.00,pendente,2026-03-02 23:24:26,2026-03-02 23:24:26
60396,30012,30020,1,,7.00,pendente,2026-03-02 23:24:26,2026-03-02 23:24:26
60397,30012,30024,1,,7.00,pendente,2026-03-02 23:24:26,2026-03-02 23:24:26
60398,30012,30026,1,,7.00,pendente,2026-03-02 23:24:26,2026-03-02 23:24:26
60399,30012,30030,1,,7.00,pendente,2026-03-02 23:24:26,2026-03-02 23:24:26
60400,30012,30017,0,,7.00,pendente,2026-03-02 23:24:27,2026-03-02 23:24:27
60401,30012,30025,0,,7.00,pendente,2026-03-02 23:24:27,2026-03-02 23:24:27
60402,30012,30027,0,,7.00,pendente,2026-03-02 23:24:27,2026-03-02 23:24:27
60403,30012,30032,0,,7.00,pendente,2026-03-02 23:24:27,2026-03-02 23:24:27
60404,30012,30033,0,,7.00,pendente,2026-03-02 23:24:27,2026-03-02 23:24:27
60405,30020,30001,0,,7.00,pendente,2026-03-02 23:24:27,2026-03-02 23:24:27
60406,30020,30002,0,,7.00,pendente,2026-03-02 23:24:27,2026-03-02 23:24:27
60407,30020,30003,0,,7.00,pendente,2026-03-02 23:24:27,2026-03-02 23:24:27
60408,30020,30004,1,,7.00,pendente,2026-03-02 23:24:27,2026-03-02 23:24:27
60409,30020,30005,0,,7.00,pendente,2026-03-02 23:24:27,2026-03-02 23:24:27
60410,30020,30006,0,,7.00,pendente,2026-03-02 23:24:27,2026-03-02 23:24:27
60411,30020,30007,0,,7.00,pendente,2026-03-02 23:24:27,2026-03-02 23:24:27
60412,30020,30008,0,,7.00,pendente,2026-03-02 23:24:27,2026-03-02 23:24:27
60413,30020,30009,0,,7.00,pendente,2026-03-02 23:24:27,2026-03-02 23:24:27
60414,30020,30010,0,,7.00,pendente,2026-03-02 23:24:27,2026-03-02 23:24:27
60415,30020,30012,0,,7.00,pendente,2026-03-02 23:24:27,2026-03-02 23:24:27
60416,30020,30014,1,,7.00,pendente,2026-03-02 23:24:27,2026-03-02 23:24:27
60417,30020,30019,1,,7.00,pendente,2026-03-02 23:24:27,2026-03-02 23:24:27
60418,30020,30020,0,,7.00,pendente,2026-03-02 23:24:27,2026-03-02 23:24:27
60419,30020,30024,0,,7.00,pendente,2026-03-02 23:24:27,2026-03-02 23:24:27
60420,30020,30026,1,,7.00,pendente,2026-03-02 23:24:27,2026-03-02 23:24:27
60421,30020,30030,0,,7.00,pendente,2026-03-02 23:24:28,2026-03-02 23:24:28
60422,30020,30017,1,,7.00,pendente,2026-03-02 23:24:28,2026-03-02 23:24:28
60423,30020,30025,1,,7.00,pendente,2026-03-02 23:24:28,2026-03-02 23:24:28
60424,30020,30027,1,,7.00,pendente,2026-03-02 23:24:28,2026-03-02 23:24:28
60425,30020,30032,1,,7.00,pendente,2026-03-02 23:24:28,2026-03-02 23:24:28
60426,30020,30033,1,,7.00,pendente,2026-03-02 23:24:28,2026-03-02 23:24:28
60427,30021,30004,1,,7.00,pendente,2026-03-02 23:24:28,2026-03-02 23:24:28
60428,30021,30005,1,,7.00,pendente,2026-03-02 23:24:28,2026-03-02 23:24:28
60429,30021,30006,1,,7.00,pendente,2026-03-02 23:24:28,2026-03-02 23:24:28
60430,30021,30007,1,,7.00,pendente,2026-03-02 23:24:28,2026-03-02 23:24:28
60431,30021,30008,1,,7.00,pendente,2026-03-02 23:24:28,2026-03-02 23:24:28
60432,30021,30009,1,,7.00,pendente,2026-03-02 23:24:28,2026-03-02 23:24:28
60433,30021,30010,1,,7.00,pendente,2026-03-02 23:24:28,2026-03-02 23:24:28
60434,30021,30012,1,,7.00,pendente,2026-03-02 23:24:28,2026-03-02 23:24:28
60435,30021,30014,1,,7.00,pendente,2026-03-02 23:24:28,2026-03-02 23:24:28
60436,30021,30019,1,,7.00,pendente,2026-03-02 23:24:28,2026-03-02 23:24:28
60437,30021,30020,1,,7.00,pendente,2026-03-02 23:24:28,2026-03-02 23:24:28
60438,30021,30024,1,,7.00,pendente,2026-03-02 23:24:28,2026-03-02 23:24:28
60439,30021,30026,1,,7.00,pendente,2026-03-02 23:24:28,2026-03-02 23:24:28
60440,30021,30030,1,,7.00,pendente,2026-03-02 23:24:28,2026-03-02 23:24:28
60441,30021,30017,1,,7.00,pendente,2026-03-02 23:24:28,2026-03-02 23:24:28
60442,30021,30025,1,,7.00,pendente,2026-03-02 23:24:29,2026-03-02 23:24:29
60443,30021,30027,1,,7.00,pendente,2026-03-02 23:24:29,2026-03-02 23:24:29
60444,30021,30032,1,,7.00,pendente,2026-03-02 23:24:29,2026-03-02 23:24:29
60445,30021,30033,1,,7.00,pendente,2026-03-02 23:24:29,2026-03-02 23:24:29
60446,30048,30034,1,,7.00,pendente,2026-03-02 23:24:29,2026-03-02 23:24:29
60447,30048,30013,1,,7.00,pendente,2026-03-02 23:24:29,2026-03-02 23:24:29
60448,30048,30015,1,,7.00,pendente,2026-03-02 23:24:29,2026-03-02 23:24:29
60449,30048,30016,1,,7.00,pendente,2026-03-02 23:24:29,2026-03-02 23:24:29
60450,30048,30035,1,,7.00,pendente,2026-03-02 23:24:29,2026-03-02 23:24:29
60451,30048,30036,1,,7.00,pendente,2026-03-02 23:24:29,2026-03-02 23:24:29
60452,30048,30021,1,,7.00,pendente,2026-03-02 23:24:29,2026-03-02 23:24:29
60453,30048,30022,1,,7.00,pendente,2026-03-02 23:24:29,2026-03-02 23:24:29
60454,30048,30028,1,,7.00,pendente,2026-03-02 23:24:29,2026-03-02 23:24:29
60455,30049,30034,1,,7.00,pendente,2026-03-02 23:24:29,2026-03-02 23:24:29
60456,30049,30013,1,,7.00,pendente,2026-03-02 23:24:29,2026-03-02 23:24:29
60457,30049,30015,0,,7.00,pendente,2026-03-02 23:24:29,2026-03-02 23:24:29
60458,30049,30016,1,,7.00,pendente,2026-03-02 23:24:29,2026-03-02 23:24:29
60459,30049,30035,1,,7.00,pendente,2026-03-02 23:24:29,2026-03-02 23:24:29
60460,30049,30036,1,,7.00,pendente,2026-03-02 23:24:29,2026-03-02 23:24:29
60461,30049,30021,0,,7.00,pendente,2026-03-02 23:24:29,2026-03-02 23:24:29
60462,30049,30022,0,,7.00,pendente,2026-03-02 23:24:29,2026-03-02 23:24:29
60463,30049,30028,1,,7.00,pendente,2026-03-02 23:24:30,2026-03-02 23:24:30
60464,30100,30004,1,,7.00,pendente,2026-03-02 23:24:30,2026-03-02 23:24:30
60465,30100,30005,1,,7.00,pendente,2026-03-02 23:24:30,2026-03-02 23:24:30
60466,30100,30006,1,,7.00,pendente,2026-03-02 23:24:30,2026-03-02 23:24:30
60467,30100,30007,1,,7.00,pendente,2026-03-02 23:24:30,2026-03-02 23:24:30
60468,30100,30008,0,,7.00,pendente,2026-03-02 23:24:30,2026-03-02 23:24:30
60469,30100,30003,1,,7.00,pendente,2026-03-02 23:24:30,2026-03-02 23:24:30
60470,30100,30009,1,,7.00,pendente,2026-03-02 23:24:30,2026-03-02 23:24:30
60471,30100,30010,1,,7.00,pendente,2026-03-02 23:24:30,2026-03-02 23:24:30
60472,30034,30004,0,,7.00,pendente,2026-03-02 23:24:30,2026-03-02 23:24:30
60473,30034,30005,1,,7.00,pendente,2026-03-02 23:24:30,2026-03-02 23:24:30
60474,30034,30006,0,,7.00,pendente,2026-03-02 23:24:30,2026-03-02 23:24:30
60475,30034,30007,1,,7.00,pendente,2026-03-02 23:24:30,2026-03-02 23:24:30
60476,30034,30008,0,,7.00,pendente,2026-03-02 23:24:30,2026-03-02 23:24:30
60477,30034,30003,0,,7.00,pendente,2026-03-02 23:24:30,2026-03-02 23:24:30
60478,30034,30009,1,,7.00,pendente,2026-03-02 23:24:30,2026-03-02 23:24:30
60479,30034,30010,0,,7.00,pendente,2026-03-02 23:24:30,2026-03-02 23:24:30
60480,30034,30013,0,,7.00,pendente,2026-03-02 23:24:30,2026-03-02 23:24:30
60481,30034,30022,0,,7.00,pendente,2026-03-02 23:24:30,2026-03-02 23:24:30
60482,30034,30028,0,,7.00,pendente,2026-03-02 23:24:30,2026-03-02 23:24:30
60483,30050,30034,1,,7.00,pendente,2026-03-02 23:24:30,2026-03-02 23:24:30
60484,30050,30013,0,,7.00,pendente,2026-03-02 23:24:31,2026-03-02 23:24:31
60485,30050,30015,1,,7.00,pendente,2026-03-02 23:24:31,2026-03-02 23:24:31
60486,30050,30016,0,,7.00,pendente,2026-03-02 23:24:31,2026-03-02 23:24:31
60487,30050,30035,0,,7.00,pendente,2026-03-02 23:24:31,2026-03-02 23:24:31
60488,30050,30036,1,,7.00,pendente,2026-03-02 23:24:31,2026-03-02 23:24:31
60489,30050,30021,0,,7.00,pendente,2026-03-02 23:24:31,2026-03-02 23:24:31
60490,30050,30022,1,,7.00,pendente,2026-03-02 23:24:31,2026-03-02 23:24:31
60491,30050,30028,0,,7.00,pendente,2026-03-02 23:24:31,2026-03-02 23:24:31
60492,30051,30034,1,,7.00,pendente,2026-03-02 23:24:31,2026-03-02 23:24:31
60493,30051,30013,1,,7.00,pendente,2026-03-02 23:24:31,2026-03-02 23:24:31
60494,30051,30015,1,,7.00,pendente,2026-03-02 23:24:31,2026-03-02 23:24:31
60495,30051,30016,1,,7.00,pendente,2026-03-02 23:24:31,2026-03-02 23:24:31
60496,30051,30035,1,,7.00,pendente,2026-03-02 23:24:31,2026-03-02 23:24:31
60497,30051,30036,1,,7.00,pendente,2026-03-02 23:24:31,2026-03-02 23:24:31
60498,30051,30021,0,,7.00,pendente,2026-03-02 23:24:31,2026-03-02 23:24:31
60499,30051,30022,0,,7.00,pendente,2026-03-02 23:24:31,2026-03-02 23:24:31
60500,30051,30028,1,,7.00,pendente,2026-03-02 23:24:31,2026-03-02 23:24:31
60501,30022,30001,0,,7.00,pendente,2026-03-02 23:24:31,2026-03-02 23:24:31
60502,30022,30002,0,,7.00,pendente,2026-03-02 23:24:31,2026-03-02 23:24:31
60503,30022,30003,0,,7.00,pendente,2026-03-02 23:24:31,2026-03-02 23:24:31
60504,30022,30004,1,,7.00,pendente,2026-03-02 23:24:31,2026-03-02 23:24:31
60505,30022,30005,0,,7.00,pendente,2026-03-02 23:24:32,2026-03-02 23:24:32
60506,30022,30006,1,,7.00,pendente,2026-03-02 23:24:32,2026-03-02 23:24:32
60507,30022,30007,1,,7.00,pendente,2026-03-02 23:24:32,2026-03-02 23:24:32
60508,30022,30008,0,,7.00,pendente,2026-03-02 23:24:32,2026-03-02 23:24:32
60509,30022,30009,1,,7.00,pendente,2026-03-02 23:24:32,2026-03-02 23:24:32
60510,30022,30010,1,,7.00,pendente,2026-03-02 23:24:32,2026-03-02 23:24:32
60511,30022,30012,1,,7.00,pendente,2026-03-02 23:24:32,2026-03-02 23:24:32
60512,30022,30014,1,,7.00,pendente,2026-03-02 23:24:32,2026-03-02 23:24:32
60513,30022,30019,1,,7.00,pendente,2026-03-02 23:24:32,2026-03-02 23:24:32
60514,30022,30020,1,,7.00,pendente,2026-03-02 23:24:32,2026-03-02 23:24:32
60515,30022,30024,1,,7.00,pendente,2026-03-02 23:24:32,2026-03-02 23:24:32
60516,30022,30026,0,,7.00,pendente,2026-03-02 23:24:32,2026-03-02 23:24:32
60517,30022,30030,0,,7.00,pendente,2026-03-02 23:24:32,2026-03-02 23:24:32
60518,30022,30017,0,,7.00,pendente,2026-03-02 23:24:32,2026-03-02 23:24:32
60519,30022,30025,0,,7.00,pendente,2026-03-02 23:24:32,2026-03-02 23:24:32
60520,30022,30027,0,,7.00,pendente,2026-03-02 23:24:32,2026-03-02 23:24:32
60521,30022,30032,0,,7.00,pendente,2026-03-02 23:24:32,2026-03-02 23:24:32
60522,30022,30033,0,,7.00,pendente,2026-03-02 23:24:32,2026-03-02 23:24:32
60523,30093,30004,1,,7.00,pendente,2026-03-02 23:24:32,2026-03-02 23:24:32
60524,30093,30005,1,,7.00,pendente,2026-03-02 23:24:32,2026-03-02 23:24:32
60525,30093,30006,1,,7.00,pendente,2026-03-02 23:24:32,2026-03-02 23:24:32
60526,30093,30007,0,,7.00,pendente,2026-03-02 23:24:33,2026-03-02 23:24:33
60527,30093,30008,0,,7.00,pendente,2026-03-02 23:24:33,2026-03-02 23:24:33
60528,30093,30003,1,,7.00,pendente,2026-03-02 23:24:33,2026-03-02 23:24:33
60529,30093,30009,1,,7.00,pendente,2026-03-02 23:24:33,2026-03-02 23:24:33
60530,30093,30010,1,,7.00,pendente,2026-03-02 23:24:33,2026-03-02 23:24:33
60531,30052,30034,0,,7.00,pendente,2026-03-02 23:24:33,2026-03-02 23:24:33
60532,30052,30013,0,,7.00,pendente,2026-03-02 23:24:33,2026-03-02 23:24:33
60533,30052,30015,1,,7.00,pendente,2026-03-02 23:24:33,2026-03-02 23:24:33
60534,30052,30016,0,,7.00,pendente,2026-03-02 23:24:33,2026-03-02 23:24:33
60535,30052,30035,0,,7.00,pendente,2026-03-02 23:24:33,2026-03-02 23:24:33
60536,30052,30036,1,,7.00,pendente,2026-03-02 23:24:33,2026-03-02 23:24:33
60537,30052,30021,0,,7.00,pendente,2026-03-02 23:24:33,2026-03-02 23:24:33
60538,30052,30022,0,,7.00,pendente,2026-03-02 23:24:33,2026-03-02 23:24:33
60539,30052,30028,1,,7.00,pendente,2026-03-02 23:24:33,2026-03-02 23:24:33
60540,30053,30034,1,,7.00,pendente,2026-03-02 23:24:33,2026-03-02 23:24:33
60541,30053,30013,1,,7.00,pendente,2026-03-02 23:24:33,2026-03-02 23:24:33
60542,30053,30015,1,,7.00,pendente,2026-03-02 23:24:33,2026-03-02 23:24:33
60543,30053,30016,0,,7.00,pendente,2026-03-02 23:24:33,2026-03-02 23:24:33
60544,30053,30035,1,,7.00,pendente,2026-03-02 23:24:33,2026-03-02 23:24:33
60545,30053,30036,1,,7.00,pendente,2026-03-02 23:24:33,2026-03-02 23:24:33
60546,30053,30021,0,,7.00,pendente,2026-03-02 23:24:33,2026-03-02 23:24:33
60547,30053,30022,1,,7.00,pendente,2026-03-02 23:24:34,2026-03-02 23:24:34
60548,30053,30028,0,,7.00,pendente,2026-03-02 23:24:34,2026-03-02 23:24:34
60549,30054,30034,1,,7.00,pendente,2026-03-02 23:24:34,2026-03-02 23:24:34
60550,30054,30013,0,,7.00,pendente,2026-03-02 23:24:34,2026-03-02 23:24:34
60551,30054,30015,0,,7.00,pendente,2026-03-02 23:24:34,2026-03-02 23:24:34
60552,30054,30016,0,,7.00,pendente,2026-03-02 23:24:34,2026-03-02 23:24:34
60553,30054,30035,0,,7.00,pendente,2026-03-02 23:24:34,2026-03-02 23:24:34
60554,30054,30036,0,,7.00,pendente,2026-03-02 23:24:34,2026-03-02 23:24:34
60555,30054,30021,0,,7.00,pendente,2026-03-02 23:24:34,2026-03-02 23:24:34
60556,30054,30022,0,,7.00,pendente,2026-03-02 23:24:34,2026-03-02 23:24:34
60557,30054,30028,1,,7.00,pendente,2026-03-02 23:24:34,2026-03-02 23:24:34
60558,30055,30034,1,,7.00,pendente,2026-03-02 23:24:34,2026-03-02 23:24:34
60559,30055,30013,0,,7.00,pendente,2026-03-02 23:24:34,2026-03-02 23:24:34
60560,30055,30015,0,,7.00,pendente,2026-03-02 23:24:34,2026-03-02 23:24:34
60561,30055,30016,1,,7.00,pendente,2026-03-02 23:24:34,2026-03-02 23:24:34
60562,30055,30035,0,,7.00,pendente,2026-03-02 23:24:34,2026-03-02 23:24:34
60563,30055,30036,1,,7.00,pendente,2026-03-02 23:24:34,2026-03-02 23:24:34
60564,30055,30021,0,,7.00,pendente,2026-03-02 23:24:34,2026-03-02 23:24:34
60565,30055,30022,1,,7.00,pendente,2026-03-02 23:24:34,2026-03-02 23:24:34
60566,30055,30028,1,,7.00,pendente,2026-03-02 23:24:34,2026-03-02 23:24:34
60567,30092,30004,1,,7.00,pendente,2026-03-02 23:24:34,2026-03-02 23:24:34
60568,30092,30005,1,,7.00,pendente,2026-03-02 23:24:35,2026-03-02 23:24:35
60569,30092,30006,1,,7.00,pendente,2026-03-02 23:24:35,2026-03-02 23:24:35
60570,30092,30007,1,,7.00,pendente,2026-03-02 23:24:35,2026-03-02 23:24:35
60571,30092,30008,1,,7.00,pendente,2026-03-02 23:24:35,2026-03-02 23:24:35
60572,30092,30003,1,,7.00,pendente,2026-03-02 23:24:35,2026-03-02 23:24:35
60573,30092,30009,1,,7.00,pendente,2026-03-02 23:24:35,2026-03-02 23:24:35
60574,30092,30010,1,,7.00,pendente,2026-03-02 23:24:35,2026-03-02 23:24:35
60586,30080,30004,1,,7.00,pendente,2026-03-02 23:24:35,2026-03-02 23:24:35
60587,30080,30005,1,,7.00,pendente,2026-03-02 23:24:35,2026-03-02 23:24:35
60588,30080,30006,1,,7.00,pendente,2026-03-02 23:24:35,2026-03-02 23:24:35
60589,30080,30007,1,,7.00,pendente,2026-03-02 23:24:36,2026-03-02 23:24:36
60590,30080,30008,1,,7.00,pendente,2026-03-02 23:24:36,2026-03-02 23:24:36
60591,30080,30003,1,,7.00,pendente,2026-03-02 23:24:36,2026-03-02 23:24:36
60592,30080,30009,1,,7.00,pendente,2026-03-02 23:24:36,2026-03-02 23:24:36
60593,30080,30010,0,,7.00,pendente,2026-03-02 23:24:36,2026-03-02 23:24:36
60594,30080,30012,1,,7.00,pendente,2026-03-02 23:24:36,2026-03-02 23:24:36
60595,30080,30014,1,,7.00,pendente,2026-03-02 23:24:36,2026-03-02 23:24:36
60596,30080,30019,1,,7.00,pendente,2026-03-02 23:24:36,2026-03-02 23:24:36
60597,30080,30020,0,,7.00,pendente,2026-03-02 23:24:36,2026-03-02 23:24:36
60598,30080,30024,0,,7.00,pendente,2026-03-02 23:24:36,2026-03-02 23:24:36
60599,30080,30026,1,,7.00,pendente,2026-03-02 23:24:36,2026-03-02 23:24:36
60600,30080,30030,0,,7.00,pendente,2026-03-02 23:24:36,2026-03-02 23:24:36
60601,30056,30034,1,,7.00,pendente,2026-03-02 23:24:36,2026-03-02 23:24:36
60602,30056,30013,1,,7.00,pendente,2026-03-02 23:24:36,2026-03-02 23:24:36
60603,30056,30015,1,,7.00,pendente,2026-03-02 23:24:36,2026-03-02 23:24:36
60604,30056,30016,1,,7.00,pendente,2026-03-02 23:24:36,2026-03-02 23:24:36
60605,30056,30035,1,,7.00,pendente,2026-03-02 23:24:36,2026-03-02 23:24:36
60606,30056,30036,0,,7.00,pendente,2026-03-02 23:24:36,2026-03-02 23:24:36
60607,30056,30021,0,,7.00,pendente,2026-03-02 23:24:36,2026-03-02 23:24:36
60608,30056,30022,0,,7.00,pendente,2026-03-02 23:24:36,2026-03-02 23:24:36
60609,30056,30028,1,,7.00,pendente,2026-03-02 23:24:36,2026-03-02 23:24:36
60610,30057,30034,1,,7.00,pendente,2026-03-02 23:24:37,2026-03-02 23:24:37
60611,30057,30013,0,,7.00,pendente,2026-03-02 23:24:37,2026-03-02 23:24:37
60612,30057,30015,1,,7.00,pendente,2026-03-02 23:24:37,2026-03-02 23:24:37
60613,30057,30016,1,,7.00,pendente,2026-03-02 23:24:37,2026-03-02 23:24:37
60614,30057,30035,1,,7.00,pendente,2026-03-02 23:24:37,2026-03-02 23:24:37
60615,30057,30036,1,,7.00,pendente,2026-03-02 23:24:37,2026-03-02 23:24:37
60616,30057,30021,1,,7.00,pendente,2026-03-02 23:24:37,2026-03-02 23:24:37
60617,30057,30022,0,,7.00,pendente,2026-03-02 23:24:37,2026-03-02 23:24:37
60618,30057,30028,1,,7.00,pendente,2026-03-02 23:24:37,2026-03-02 23:24:37
60619,30036,30004,1,,7.00,pendente,2026-03-02 23:24:37,2026-03-02 23:24:37
60620,30036,30005,1,,7.00,pendente,2026-03-02 23:24:37,2026-03-02 23:24:37
60621,30036,30006,0,,7.00,pendente,2026-03-02 23:24:37,2026-03-02 23:24:37
60622,30036,30007,0,,7.00,pendente,2026-03-02 23:24:37,2026-03-02 23:24:37
60623,30036,30008,1,,7.00,pendente,2026-03-02 23:24:37,2026-03-02 23:24:37
60624,30036,30003,0,,7.00,pendente,2026-03-02 23:24:37,2026-03-02 23:24:37
60625,30036,30009,1,,7.00,pendente,2026-03-02 23:24:37,2026-03-02 23:24:37
60626,30036,30010,1,,7.00,pendente,2026-03-02 23:24:37,2026-03-02 23:24:37
60627,30036,30013,0,,7.00,pendente,2026-03-02 23:24:37,2026-03-02 23:24:37
60628,30036,30016,0,,7.00,pendente,2026-03-02 23:24:37,2026-03-02 23:24:37
60629,30036,30021,0,,7.00,pendente,2026-03-02 23:24:37,2026-03-02 23:24:37
60630,30058,30034,0,,7.00,pendente,2026-03-02 23:24:37,2026-03-02 23:24:37
60631,30058,30013,1,,7.00,pendente,2026-03-02 23:24:38,2026-03-02 23:24:38
60632,30058,30015,1,,7.00,pendente,2026-03-02 23:24:38,2026-03-02 23:24:38
60633,30058,30016,1,,7.00,pendente,2026-03-02 23:24:38,2026-03-02 23:24:38
60634,30058,30035,1,,7.00,pendente,2026-03-02 23:24:38,2026-03-02 23:24:38
60635,30058,30036,1,,7.00,pendente,2026-03-02 23:24:38,2026-03-02 23:24:38
60636,30058,30021,1,,7.00,pendente,2026-03-02 23:24:38,2026-03-02 23:24:38
60637,30058,30022,1,,7.00,pendente,2026-03-02 23:24:38,2026-03-02 23:24:38
60638,30058,30028,0,,7.00,pendente,2026-03-02 23:24:38,2026-03-02 23:24:38
60639,30023,30001,0,,7.00,pendente,2026-03-02 23:24:38,2026-03-02 23:24:38
60640,30023,30002,0,,7.00,pendente,2026-03-02 23:24:38,2026-03-02 23:24:38
60641,30023,30003,0,,7.00,pendente,2026-03-02 23:24:38,2026-03-02 23:24:38
60642,30023,30004,0,,7.00,pendente,2026-03-02 23:24:38,2026-03-02 23:24:38
60643,30023,30005,0,,7.00,pendente,2026-03-02 23:24:38,2026-03-02 23:24:38
60644,30023,30006,0,,7.00,pendente,2026-03-02 23:24:38,2026-03-02 23:24:38
60645,30023,30007,0,,7.00,pendente,2026-03-02 23:24:38,2026-03-02 23:24:38
60646,30023,30008,0,,7.00,pendente,2026-03-02 23:24:38,2026-03-02 23:24:38
60647,30023,30009,1,,7.00,pendente,2026-03-02 23:24:38,2026-03-02 23:24:38
60648,30023,30010,0,,7.00,pendente,2026-03-02 23:24:38,2026-03-02 23:24:38
60649,30023,30012,0,,7.00,pendente,2026-03-02 23:24:38,2026-03-02 23:24:38
60650,30023,30014,1,,7.00,pendente,2026-03-02 23:24:38,2026-03-02 23:24:38
60651,30023,30019,1,,7.00,pendente,2026-03-02 23:24:38,2026-03-02 23:24:38
60652,30023,30020,0,,7.00,pendente,2026-03-02 23:24:39,2026-03-02 23:24:39
60653,30023,30024,1,,7.00,pendente,2026-03-02 23:24:39,2026-03-02 23:24:39
60654,30023,30026,1,,7.00,pendente,2026-03-02 23:24:39,2026-03-02 23:24:39
60655,30023,30030,1,,7.00,pendente,2026-03-02 23:24:39,2026-03-02 23:24:39
60656,30023,30017,0,,7.00,pendente,2026-03-02 23:24:39,2026-03-02 23:24:39
60657,30023,30025,0,,7.00,pendente,2026-03-02 23:24:39,2026-03-02 23:24:39
60658,30023,30027,0,,7.00,pendente,2026-03-02 23:24:39,2026-03-02 23:24:39
60659,30023,30032,0,,7.00,pendente,2026-03-02 23:24:39,2026-03-02 23:24:39
60660,30023,30033,0,,7.00,pendente,2026-03-02 23:24:39,2026-03-02 23:24:39
60661,30011,30001,0,,7.00,pendente,2026-03-02 23:24:39,2026-03-02 23:24:39
60662,30011,30002,0,,7.00,pendente,2026-03-02 23:24:39,2026-03-02 23:24:39
60663,30011,30003,0,,7.00,pendente,2026-03-02 23:24:39,2026-03-02 23:24:39
60664,30011,30004,1,,7.00,pendente,2026-03-02 23:24:39,2026-03-02 23:24:39
60665,30011,30005,0,,7.00,pendente,2026-03-02 23:24:39,2026-03-02 23:24:39
60666,30011,30006,0,,7.00,pendente,2026-03-02 23:24:39,2026-03-02 23:24:39
60667,30011,30007,1,,7.00,pendente,2026-03-02 23:24:39,2026-03-02 23:24:39
60668,30011,30008,1,,7.00,pendente,2026-03-02 23:24:39,2026-03-02 23:24:39
60669,30011,30009,1,,7.00,pendente,2026-03-02 23:24:39,2026-03-02 23:24:39
60670,30011,30010,0,,7.00,pendente,2026-03-02 23:24:39,2026-03-02 23:24:39
60671,30011,30012,1,,7.00,pendente,2026-03-02 23:24:39,2026-03-02 23:24:39
60672,30011,30014,1,,7.00,pendente,2026-03-02 23:24:39,2026-03-02 23:24:39
60673,30011,30019,1,,7.00,pendente,2026-03-02 23:24:40,2026-03-02 23:24:40
60674,30011,30020,1,,7.00,pendente,2026-03-02 23:24:40,2026-03-02 23:24:40
60675,30011,30024,1,,7.00,pendente,2026-03-02 23:24:40,2026-03-02 23:24:40
60676,30011,30026,0,,7.00,pendente,2026-03-02 23:24:40,2026-03-02 23:24:40
60677,30011,30030,0,,7.00,pendente,2026-03-02 23:24:40,2026-03-02 23:24:40
60678,30011,30017,0,,7.00,pendente,2026-03-02 23:24:40,2026-03-02 23:24:40
60679,30011,30025,0,,7.00,pendente,2026-03-02 23:24:40,2026-03-02 23:24:40
60680,30011,30027,0,,7.00,pendente,2026-03-02 23:24:40,2026-03-02 23:24:40
60681,30011,30032,0,,7.00,pendente,2026-03-02 23:24:40,2026-03-02 23:24:40
60682,30011,30033,0,,7.00,pendente,2026-03-02 23:24:40,2026-03-02 23:24:40
60683,30013,30001,0,,7.00,pendente,2026-03-02 23:24:40,2026-03-02 23:24:40
60684,30013,30002,0,,7.00,pendente,2026-03-02 23:24:40,2026-03-02 23:24:40
60685,30013,30003,0,,7.00,pendente,2026-03-02 23:24:40,2026-03-02 23:24:40
60686,30013,30004,1,,7.00,pendente,2026-03-02 23:24:40,2026-03-02 23:24:40
60687,30013,30005,1,,7.00,pendente,2026-03-02 23:24:40,2026-03-02 23:24:40
60688,30013,30006,0,,7.00,pendente,2026-03-02 23:24:40,2026-03-02 23:24:40
60689,30013,30007,1,,7.00,pendente,2026-03-02 23:24:40,2026-03-02 23:24:40
60690,30013,30008,1,,7.00,pendente,2026-03-02 23:24:40,2026-03-02 23:24:40
60691,30013,30009,1,,7.00,pendente,2026-03-02 23:24:40,2026-03-02 23:24:40
60692,30013,30010,1,,7.00,pendente,2026-03-02 23:24:40,2026-03-02 23:24:40
60693,30013,30012,1,,7.00,pendente,2026-03-02 23:24:40,2026-03-02 23:24:40
60694,30013,30014,1,,7.00,pendente,2026-03-02 23:24:40,2026-03-02 23:24:40
60695,30013,30019,0,,7.00,pendente,2026-03-02 23:24:41,2026-03-02 23:24:41
60696,30013,30020,1,,7.00,pendente,2026-03-02 23:24:41,2026-03-02 23:24:41
60697,30013,30024,1,,7.00,pendente,2026-03-02 23:24:41,2026-03-02 23:24:41
60698,30013,30026,1,,7.00,pendente,2026-03-02 23:24:41,2026-03-02 23:24:41
60699,30013,30030,1,,7.00,pendente,2026-03-02 23:24:41,2026-03-02 23:24:41
60700,30013,30017,0,,7.00,pendente,2026-03-02 23:24:41,2026-03-02 23:24:41
60701,30013,30025,0,,7.00,pendente,2026-03-02 23:24:41,2026-03-02 23:24:41
60702,30013,30027,0,,7.00,pendente,2026-03-02 23:24:41,2026-03-02 23:24:41
60703,30013,30032,0,,7.00,pendente,2026-03-02 23:24:41,2026-03-02 23:24:41
60704,30013,30033,0,,7.00,pendente,2026-03-02 23:24:41,2026-03-02 23:24:41
60705,30086,30004,1,,7.00,pendente,2026-03-02 23:24:41,2026-03-02 23:24:41
60706,30086,30005,1,,7.00,pendente,2026-03-02 23:24:41,2026-03-02 23:24:41
60707,30086,30006,1,,7.00,pendente,2026-03-02 23:24:41,2026-03-02 23:24:41
60708,30086,30007,1,,7.00,pendente,2026-03-02 23:24:41,2026-03-02 23:24:41
60709,30086,30008,1,,7.00,pendente,2026-03-02 23:24:41,2026-03-02 23:24:41
60710,30086,30003,1,,7.00,pendente,2026-03-02 23:24:41,2026-03-02 23:24:41
60711,30086,30009,1,,7.00,pendente,2026-03-02 23:24:41,2026-03-02 23:24:41
60712,30086,30010,1,,7.00,pendente,2026-03-02 23:24:41,2026-03-02 23:24:41
60713,30086,30012,1,,7.00,pendente,2026-03-02 23:24:41,2026-03-02 23:24:41
60714,30086,30014,1,,7.00,pendente,2026-03-02 23:24:41,2026-03-02 23:24:41
60715,30086,30019,1,,7.00,pendente,2026-03-02 23:24:41,2026-03-02 23:24:41
60716,30086,30020,1,,7.00,pendente,2026-03-02 23:24:42,2026-03-02 23:24:42
60717,30086,30024,1,,7.00,pendente,2026-03-02 23:24:42,2026-03-02 23:24:42
60718,30086,30026,1,,7.00,pendente,2026-03-02 23:24:42,2026-03-02 23:24:42
60719,30086,30030,1,,7.00,pendente,2026-03-02 23:24:42,2026-03-02 23:24:42
60720,30019,30001,0,,7.00,pendente,2026-03-02 23:24:42,2026-03-02 23:24:42
60721,30019,30002,0,,7.00,pendente,2026-03-02 23:24:42,2026-03-02 23:24:42
60722,30019,30003,0,,7.00,pendente,2026-03-02 23:24:42,2026-03-02 23:24:42
60723,30019,30004,1,,7.00,pendente,2026-03-02 23:24:42,2026-03-02 23:24:42
60724,30019,30005,0,,7.00,pendente,2026-03-02 23:24:42,2026-03-02 23:24:42
60725,30019,30006,1,,7.00,pendente,2026-03-02 23:24:42,2026-03-02 23:24:42
60726,30019,30007,0,,7.00,pendente,2026-03-02 23:24:42,2026-03-02 23:24:42
60727,30019,30008,0,,7.00,pendente,2026-03-02 23:24:42,2026-03-02 23:24:42
60728,30019,30009,1,,7.00,pendente,2026-03-02 23:24:42,2026-03-02 23:24:42
60729,30019,30010,0,,7.00,pendente,2026-03-02 23:24:42,2026-03-02 23:24:42
60730,30019,30012,1,,7.00,pendente,2026-03-02 23:24:42,2026-03-02 23:24:42
60731,30019,30014,0,,7.00,pendente,2026-03-02 23:24:42,2026-03-02 23:24:42
60732,30019,30019,1,,7.00,pendente,2026-03-02 23:24:42,2026-03-02 23:24:42
60733,30019,30020,1,,7.00,pendente,2026-03-02 23:24:42,2026-03-02 23:24:42
60734,30019,30024,1,,7.00,pendente,2026-03-02 23:24:42,2026-03-02 23:24:42
60735,30019,30026,1,,7.00,pendente,2026-03-02 23:24:42,2026-03-02 23:24:42
60736,30019,30030,1,,7.00,pendente,2026-03-02 23:24:43,2026-03-02 23:24:43
60737,30019,30017,1,,7.00,pendente,2026-03-02 23:24:43,2026-03-02 23:24:43
60738,30019,30025,1,,7.00,pendente,2026-03-02 23:24:43,2026-03-02 23:24:43
60739,30019,30027,1,,7.00,pendente,2026-03-02 23:24:43,2026-03-02 23:24:43
60740,30019,30032,1,,7.00,pendente,2026-03-02 23:24:43,2026-03-02 23:24:43
60741,30019,30033,1,,7.00,pendente,2026-03-02 23:24:43,2026-03-02 23:24:43
60742,30037,30004,1,,7.00,pendente,2026-03-02 23:24:43,2026-03-02 23:24:43
60743,30037,30005,1,,7.00,pendente,2026-03-02 23:24:43,2026-03-02 23:24:43
60744,30037,30006,1,,7.00,pendente,2026-03-02 23:24:43,2026-03-02 23:24:43
60745,30037,30007,0,,7.00,pendente,2026-03-02 23:24:43,2026-03-02 23:24:43
60746,30037,30008,1,,7.00,pendente,2026-03-02 23:24:43,2026-03-02 23:24:43
60747,30037,30003,1,,7.00,pendente,2026-03-02 23:24:43,2026-03-02 23:24:43
60748,30037,30009,1,,7.00,pendente,2026-03-02 23:24:43,2026-03-02 23:24:43
60749,30037,30010,1,,7.00,pendente,2026-03-02 23:24:43,2026-03-02 23:24:43
60750,30037,30002,0,,7.00,pendente,2026-03-02 23:24:43,2026-03-02 23:24:43
60751,30037,30001,0,,7.00,pendente,2026-03-02 23:24:43,2026-03-02 23:24:43
60752,30059,30034,1,,7.00,pendente,2026-03-02 23:24:43,2026-03-02 23:24:43
60753,30059,30013,0,,7.00,pendente,2026-03-02 23:24:43,2026-03-02 23:24:43
60754,30059,30015,0,,7.00,pendente,2026-03-02 23:24:43,2026-03-02 23:24:43
60755,30059,30016,0,,7.00,pendente,2026-03-02 23:24:43,2026-03-02 23:24:43
60756,30059,30035,0,,7.00,pendente,2026-03-02 23:24:43,2026-03-02 23:24:43
60757,30059,30036,0,,7.00,pendente,2026-03-02 23:24:44,2026-03-02 23:24:44
60758,30059,30021,0,,7.00,pendente,2026-03-02 23:24:44,2026-03-02 23:24:44
60759,30059,30022,0,,7.00,pendente,2026-03-02 23:24:44,2026-03-02 23:24:44
60760,30059,30028,0,,7.00,pendente,2026-03-02 23:24:44,2026-03-02 23:24:44
60761,30060,30034,1,,7.00,pendente,2026-03-02 23:24:44,2026-03-02 23:24:44
60762,30060,30013,1,,7.00,pendente,2026-03-02 23:24:44,2026-03-02 23:24:44
60763,30060,30015,1,,7.00,pendente,2026-03-02 23:24:44,2026-03-02 23:24:44
60764,30060,30016,0,,7.00,pendente,2026-03-02 23:24:44,2026-03-02 23:24:44
60765,30060,30035,0,,7.00,pendente,2026-03-02 23:24:44,2026-03-02 23:24:44
60766,30060,30036,1,,7.00,pendente,2026-03-02 23:24:44,2026-03-02 23:24:44
60767,30060,30021,0,,7.00,pendente,2026-03-02 23:24:44,2026-03-02 23:24:44
60768,30060,30022,0,,7.00,pendente,2026-03-02 23:24:44,2026-03-02 23:24:44
60769,30060,30028,1,,7.00,pendente,2026-03-02 23:24:44,2026-03-02 23:24:44
60770,30061,30034,1,,7.00,pendente,2026-03-02 23:24:44,2026-03-02 23:24:44
60771,30061,30013,1,,7.00,pendente,2026-03-02 23:24:44,2026-03-02 23:24:44
60772,30061,30015,1,,7.00,pendente,2026-03-02 23:24:44,2026-03-02 23:24:44
60773,30061,30016,1,,7.00,pendente,2026-03-02 23:24:44,2026-03-02 23:24:44
60774,30061,30035,0,,7.00,pendente,2026-03-02 23:24:44,2026-03-02 23:24:44
60775,30061,30036,1,,7.00,pendente,2026-03-02 23:24:44,2026-03-02 23:24:44
60776,30061,30021,0,,7.00,pendente,2026-03-02 23:24:44,2026-03-02 23:24:44
60777,30061,30022,0,,7.00,pendente,2026-03-02 23:24:44,2026-03-02 23:24:44
60778,30061,30028,0,,7.00,pendente,2026-03-02 23:24:45,2026-03-02 23:24:45
60779,30088,30004,1,,7.00,pendente,2026-03-02 23:24:45,2026-03-02 23:24:45
60780,30088,30005,0,,7.00,pendente,2026-03-02 23:24:45,2026-03-02 23:24:45
60781,30088,30006,1,,7.00,pendente,2026-03-02 23:24:45,2026-03-02 23:24:45
60782,30088,30007,0,,7.00,pendente,2026-03-02 23:24:45,2026-03-02 23:24:45
60783,30088,30008,0,,7.00,pendente,2026-03-02 23:24:45,2026-03-02 23:24:45
60784,30088,30003,1,,7.00,pendente,2026-03-02 23:24:45,2026-03-02 23:24:45
60785,30088,30009,1,,7.00,pendente,2026-03-02 23:24:45,2026-03-02 23:24:45
60786,30088,30010,1,,7.00,pendente,2026-03-02 23:24:45,2026-03-02 23:24:45
60787,30088,30012,1,,7.00,pendente,2026-03-02 23:24:45,2026-03-02 23:24:45
60788,30088,30014,1,,7.00,pendente,2026-03-02 23:24:45,2026-03-02 23:24:45
60789,30088,30019,1,,7.00,pendente,2026-03-02 23:24:45,2026-03-02 23:24:45
60790,30088,30020,1,,7.00,pendente,2026-03-02 23:24:45,2026-03-02 23:24:45
60791,30088,30024,1,,7.00,pendente,2026-03-02 23:24:45,2026-03-02 23:24:45
60792,30088,30026,1,,7.00,pendente,2026-03-02 23:24:45,2026-03-02 23:24:45
60793,30088,30030,1,,7.00,pendente,2026-03-02 23:24:45,2026-03-02 23:24:45
60794,30038,30004,1,,7.00,pendente,2026-03-02 23:24:45,2026-03-02 23:24:45
60795,30038,30005,1,,7.00,pendente,2026-03-02 23:24:45,2026-03-02 23:24:45
60796,30038,30006,1,,7.00,pendente,2026-03-02 23:24:45,2026-03-02 23:24:45
60797,30038,30007,1,,7.00,pendente,2026-03-02 23:24:45,2026-03-02 23:24:45
60798,30038,30008,1,,7.00,pendente,2026-03-02 23:24:45,2026-03-02 23:24:45
60799,30038,30003,1,,7.00,pendente,2026-03-02 23:24:46,2026-03-02 23:24:46
60800,30038,30009,1,,7.00,pendente,2026-03-02 23:24:46,2026-03-02 23:24:46
60801,30038,30010,0,,7.00,pendente,2026-03-02 23:24:46,2026-03-02 23:24:46
60802,30038,30014,0,,7.00,pendente,2026-03-02 23:24:46,2026-03-02 23:24:46
60803,30038,30029,0,,7.00,pendente,2026-03-02 23:24:46,2026-03-02 23:24:46
60804,30039,30004,1,,7.00,pendente,2026-03-02 23:24:46,2026-03-02 23:24:46
60805,30039,30005,0,,7.00,pendente,2026-03-02 23:24:46,2026-03-02 23:24:46
60806,30039,30006,0,,7.00,pendente,2026-03-02 23:24:46,2026-03-02 23:24:46
60807,30039,30007,1,,7.00,pendente,2026-03-02 23:24:46,2026-03-02 23:24:46
60808,30039,30008,0,,7.00,pendente,2026-03-02 23:24:46,2026-03-02 23:24:46
60809,30039,30003,1,,7.00,pendente,2026-03-02 23:24:46,2026-03-02 23:24:46
60810,30039,30009,1,,7.00,pendente,2026-03-02 23:24:46,2026-03-02 23:24:46
60811,30039,30010,1,,7.00,pendente,2026-03-02 23:24:46,2026-03-02 23:24:46
60812,30039,30013,0,,7.00,pendente,2026-03-02 23:24:46,2026-03-02 23:24:46
60813,30039,30022,0,,7.00,pendente,2026-03-02 23:24:46,2026-03-02 23:24:46
60814,30039,30028,0,,7.00,pendente,2026-03-02 23:24:46,2026-03-02 23:24:46
60815,30001,30001,0,,7.00,pendente,2026-03-02 23:24:46,2026-03-02 23:24:46
60816,30001,30002,0,,7.00,pendente,2026-03-02 23:24:46,2026-03-02 23:24:46
60817,30001,30003,0,,7.00,pendente,2026-03-02 23:24:46,2026-03-02 23:24:46
60818,30001,30004,1,,7.00,pendente,2026-03-02 23:24:46,2026-03-02 23:24:46
60819,30001,30005,0,,7.00,pendente,2026-03-02 23:24:46,2026-03-02 23:24:46
60820,30001,30006,0,,7.00,pendente,2026-03-02 23:24:47,2026-03-02 23:24:47
60821,30001,30007,1,,7.00,pendente,2026-03-02 23:24:47,2026-03-02 23:24:47
60822,30001,30008,1,,7.00,pendente,2026-03-02 23:24:47,2026-03-02 23:24:47
60823,30001,30009,1,,7.00,pendente,2026-03-02 23:24:47,2026-03-02 23:24:47
60824,30001,30010,1,,7.00,pendente,2026-03-02 23:24:47,2026-03-02 23:24:47
60825,30001,30012,0,,7.00,pendente,2026-03-02 23:24:47,2026-03-02 23:24:47
60826,30001,30014,1,,7.00,pendente,2026-03-02 23:24:47,2026-03-02 23:24:47
60827,30001,30019,1,,7.00,pendente,2026-03-02 23:24:47,2026-03-02 23:24:47
60828,30001,30020,1,,7.00,pendente,2026-03-02 23:24:47,2026-03-02 23:24:47
60829,30001,30024,1,,7.00,pendente,2026-03-02 23:24:47,2026-03-02 23:24:47
60830,30001,30026,0,,7.00,pendente,2026-03-02 23:24:47,2026-03-02 23:24:47
60831,30001,30030,0,,7.00,pendente,2026-03-02 23:24:47,2026-03-02 23:24:47
60832,30001,30017,0,,7.00,pendente,2026-03-02 23:24:47,2026-03-02 23:24:47
60833,30001,30025,0,,7.00,pendente,2026-03-02 23:24:47,2026-03-02 23:24:47
60834,30001,30027,0,,7.00,pendente,2026-03-02 23:24:47,2026-03-02 23:24:47
60835,30001,30032,0,,7.00,pendente,2026-03-02 23:24:47,2026-03-02 23:24:47
60836,30001,30033,0,,7.00,pendente,2026-03-02 23:24:47,2026-03-02 23:24:47
60837,30040,30004,1,,7.00,pendente,2026-03-02 23:24:47,2026-03-02 23:24:47
60838,30040,30005,1,,7.00,pendente,2026-03-02 23:24:47,2026-03-02 23:24:47
60839,30040,30006,1,,7.00,pendente,2026-03-02 23:24:47,2026-03-02 23:24:47
60840,30040,30007,0,,7.00,pendente,2026-03-02 23:24:47,2026-03-02 23:24:47
60841,30040,30008,1,,7.00,pendente,2026-03-02 23:24:48,2026-03-02 23:24:48
60842,30040,30003,1,,7.00,pendente,2026-03-02 23:24:48,2026-03-02 23:24:48
60843,30040,30009,0,,7.00,pendente,2026-03-02 23:24:48,2026-03-02 23:24:48
60844,30040,30010,0,,7.00,pendente,2026-03-02 23:24:48,2026-03-02 23:24:48
60845,30040,30012,0,,7.00,pendente,2026-03-02 23:24:48,2026-03-02 23:24:48
60846,30040,30035,0,,7.00,pendente,2026-03-02 23:24:48,2026-03-02 23:24:48
60847,30040,30032,0,,7.00,pendente,2026-03-02 23:24:48,2026-03-02 23:24:48
60848,30017,30001,0,,7.00,pendente,2026-03-02 23:24:48,2026-03-02 23:24:48
60849,30017,30002,0,,7.00,pendente,2026-03-02 23:24:48,2026-03-02 23:24:48
60850,30017,30003,0,,7.00,pendente,2026-03-02 23:24:48,2026-03-02 23:24:48
60851,30017,30004,1,,7.00,pendente,2026-03-02 23:24:48,2026-03-02 23:24:48
60852,30017,30005,0,,7.00,pendente,2026-03-02 23:24:48,2026-03-02 23:24:48
60853,30017,30006,0,,7.00,pendente,2026-03-02 23:24:48,2026-03-02 23:24:48
60854,30017,30007,0,,7.00,pendente,2026-03-02 23:24:48,2026-03-02 23:24:48
60855,30017,30008,1,,7.00,pendente,2026-03-02 23:24:48,2026-03-02 23:24:48
60856,30017,30009,1,,7.00,pendente,2026-03-02 23:24:48,2026-03-02 23:24:48
60857,30017,30010,0,,7.00,pendente,2026-03-02 23:24:48,2026-03-02 23:24:48
60858,30017,30012,1,,7.00,pendente,2026-03-02 23:24:48,2026-03-02 23:24:48
60859,30017,30014,1,,7.00,pendente,2026-03-02 23:24:48,2026-03-02 23:24:48
60860,30017,30019,1,,7.00,pendente,2026-03-02 23:24:48,2026-03-02 23:24:48
60861,30017,30020,1,,7.00,pendente,2026-03-02 23:24:48,2026-03-02 23:24:48
60862,30017,30024,0,,7.00,pendente,2026-03-02 23:24:49,2026-03-02 23:24:49
60863,30017,30026,1,,7.00,pendente,2026-03-02 23:24:49,2026-03-02 23:24:49
60864,30017,30030,1,,7.00,pendente,2026-03-02 23:24:49,2026-03-02 23:24:49
60865,30017,30017,0,,7.00,pendente,2026-03-02 23:24:49,2026-03-02 23:24:49
60866,30017,30025,0,,7.00,pendente,2026-03-02 23:24:49,2026-03-02 23:24:49
60867,30017,30027,0,,7.00,pendente,2026-03-02 23:24:49,2026-03-02 23:24:49
60868,30017,30032,0,,7.00,pendente,2026-03-02 23:24:49,2026-03-02 23:24:49
60869,30017,30033,0,,7.00,pendente,2026-03-02 23:24:49,2026-03-02 23:24:49
60870,30006,30001,0,,7.00,pendente,2026-03-02 23:24:49,2026-03-02 23:24:49
60871,30006,30003,0,,7.00,pendente,2026-03-02 23:24:49,2026-03-02 23:24:49
60872,30006,30004,1,,7.00,pendente,2026-03-02 23:24:49,2026-03-02 23:24:49
60873,30006,30005,0,,7.00,pendente,2026-03-02 23:24:49,2026-03-02 23:24:49
60874,30006,30006,1,,7.00,pendente,2026-03-02 23:24:49,2026-03-02 23:24:49
60875,30006,30007,0,,7.00,pendente,2026-03-02 23:24:49,2026-03-02 23:24:49
60876,30006,30008,1,,7.00,pendente,2026-03-02 23:24:49,2026-03-02 23:24:49
60877,30006,30009,1,,7.00,pendente,2026-03-02 23:24:49,2026-03-02 23:24:49
60878,30006,30010,0,,7.00,pendente,2026-03-02 23:24:49,2026-03-02 23:24:49
60879,30006,30012,0,,7.00,pendente,2026-03-02 23:24:49,2026-03-02 23:24:49
60880,30006,30014,1,,7.00,pendente,2026-03-02 23:24:49,2026-03-02 23:24:49
60881,30006,30019,0,,7.00,pendente,2026-03-02 23:24:49,2026-03-02 23:24:49
60882,30006,30020,1,,7.00,pendente,2026-03-02 23:24:49,2026-03-02 23:24:49
60883,30006,30024,1,,7.00,pendente,2026-03-02 23:24:50,2026-03-02 23:24:50
60884,30006,30026,1,,7.00,pendente,2026-03-02 23:24:50,2026-03-02 23:24:50
60885,30006,30030,1,,7.00,pendente,2026-03-02 23:24:50,2026-03-02 23:24:50
60886,30006,30017,1,,7.00,pendente,2026-03-02 23:24:50,2026-03-02 23:24:50
60887,30006,30025,1,,7.00,pendente,2026-03-02 23:24:50,2026-03-02 23:24:50
60888,30006,30027,1,,7.00,pendente,2026-03-02 23:24:50,2026-03-02 23:24:50
60889,30006,30032,1,,7.00,pendente,2026-03-02 23:24:50,2026-03-02 23:24:50
60890,30006,30033,1,,7.00,pendente,2026-03-02 23:24:50,2026-03-02 23:24:50
60891,30024,30004,1,,7.00,pendente,2026-03-02 23:24:50,2026-03-02 23:24:50
60892,30024,30005,1,,7.00,pendente,2026-03-02 23:24:50,2026-03-02 23:24:50
60893,30024,30006,1,,7.00,pendente,2026-03-02 23:24:50,2026-03-02 23:24:50
60894,30024,30007,1,,7.00,pendente,2026-03-02 23:24:50,2026-03-02 23:24:50
60895,30024,30008,1,,7.00,pendente,2026-03-02 23:24:50,2026-03-02 23:24:50
60896,30024,30009,1,,7.00,pendente,2026-03-02 23:24:50,2026-03-02 23:24:50
60897,30024,30010,1,,7.00,pendente,2026-03-02 23:24:50,2026-03-02 23:24:50
60898,30024,30012,1,,7.00,pendente,2026-03-02 23:24:50,2026-03-02 23:24:50
60899,30024,30014,1,,7.00,pendente,2026-03-02 23:24:50,2026-03-02 23:24:50
60900,30024,30019,1,,7.00,pendente,2026-03-02 23:24:50,2026-03-02 23:24:50
60901,30024,30020,1,,7.00,pendente,2026-03-02 23:24:50,2026-03-02 23:24:50
60902,30024,30024,1,,7.00,pendente,2026-03-02 23:24:50,2026-03-02 23:24:50
60903,30024,30026,1,,7.00,pendente,2026-03-02 23:24:50,2026-03-02 23:24:50
60904,30024,30030,1,,7.00,pendente,2026-03-02 23:24:51,2026-03-02 23:24:51
60905,30024,30017,1,,7.00,pendente,2026-03-02 23:24:51,2026-03-02 23:24:51
60906,30024,30025,1,,7.00,pendente,2026-03-02 23:24:51,2026-03-02 23:24:51
60907,30024,30027,1,,7.00,pendente,2026-03-02 23:24:51,2026-03-02 23:24:51
60908,30024,30032,1,,7.00,pendente,2026-03-02 23:24:51,2026-03-02 23:24:51
60909,30024,30033,1,,7.00,pendente,2026-03-02 23:24:51,2026-03-02 23:24:51
60910,30085,30004,1,,7.00,pendente,2026-03-02 23:24:51,2026-03-02 23:24:51
60911,30085,30005,1,,7.00,pendente,2026-03-02 23:24:51,2026-03-02 23:24:51
60912,30085,30006,1,,7.00,pendente,2026-03-02 23:24:51,2026-03-02 23:24:51
60913,30085,30007,1,,7.00,pendente,2026-03-02 23:24:51,2026-03-02 23:24:51
60914,30085,30008,1,,7.00,pendente,2026-03-02 23:24:51,2026-03-02 23:24:51
60915,30085,30003,1,,7.00,pendente,2026-03-02 23:24:51,2026-03-02 23:24:51
60916,30085,30009,1,,7.00,pendente,2026-03-02 23:24:51,2026-03-02 23:24:51
60917,30085,30010,1,,7.00,pendente,2026-03-02 23:24:51,2026-03-02 23:24:51
60918,30085,30012,1,,7.00,pendente,2026-03-02 23:24:51,2026-03-02 23:24:51
60919,30085,30014,1,,7.00,pendente,2026-03-02 23:24:51,2026-03-02 23:24:51
60920,30085,30019,1,,7.00,pendente,2026-03-02 23:24:51,2026-03-02 23:24:51
60921,30085,30020,1,,7.00,pendente,2026-03-02 23:24:51,2026-03-02 23:24:51
60922,30085,30024,1,,7.00,pendente,2026-03-02 23:24:51,2026-03-02 23:24:51
60923,30085,30026,1,,7.00,pendente,2026-03-02 23:24:51,2026-03-02 23:24:51
60924,30085,30030,1,,7.00,pendente,2026-03-02 23:24:51,2026-03-02 23:24:51
60925,30025,30001,0,,7.00,pendente,2026-03-02 23:24:52,2026-03-02 23:24:52
60926,30025,30002,0,,7.00,pendente,2026-03-02 23:24:52,2026-03-02 23:24:52
60927,30025,30003,0,,7.00,pendente,2026-03-02 23:24:52,2026-03-02 23:24:52
60928,30025,30004,1,,7.00,pendente,2026-03-02 23:24:52,2026-03-02 23:24:52
60929,30025,30005,1,,7.00,pendente,2026-03-02 23:24:52,2026-03-02 23:24:52
60930,30025,30006,1,,7.00,pendente,2026-03-02 23:24:52,2026-03-02 23:24:52
60931,30025,30007,1,,7.00,pendente,2026-03-02 23:24:52,2026-03-02 23:24:52
60932,30025,30008,1,,7.00,pendente,2026-03-02 23:24:52,2026-03-02 23:24:52
60933,30025,30009,1,,7.00,pendente,2026-03-02 23:24:52,2026-03-02 23:24:52
60934,30025,30010,0,,7.00,pendente,2026-03-02 23:24:52,2026-03-02 23:24:52
60935,30025,30012,0,,7.00,pendente,2026-03-02 23:24:52,2026-03-02 23:24:52
60936,30025,30014,1,,7.00,pendente,2026-03-02 23:24:52,2026-03-02 23:24:52
60937,30025,30019,1,,7.00,pendente,2026-03-02 23:24:52,2026-03-02 23:24:52
60938,30025,30020,1,,7.00,pendente,2026-03-02 23:24:52,2026-03-02 23:24:52
60939,30025,30024,1,,7.00,pendente,2026-03-02 23:24:52,2026-03-02 23:24:52
60940,30025,30026,1,,7.00,pendente,2026-03-02 23:24:52,2026-03-02 23:24:52
60941,30025,30030,1,,7.00,pendente,2026-03-02 23:24:52,2026-03-02 23:24:52
60942,30025,30017,0,,7.00,pendente,2026-03-02 23:24:52,2026-03-02 23:24:52
60943,30025,30025,0,,7.00,pendente,2026-03-02 23:24:52,2026-03-02 23:24:52
60944,30025,30027,0,,7.00,pendente,2026-03-02 23:24:52,2026-03-02 23:24:52
60945,30025,30032,0,,7.00,pendente,2026-03-02 23:24:52,2026-03-02 23:24:52
60946,30025,30033,0,,7.00,pendente,2026-03-02 23:24:53,2026-03-02 23:24:53
60947,30062,30034,1,,7.00,pendente,2026-03-02 23:24:53,2026-03-02 23:24:53
60948,30062,30013,1,,7.00,pendente,2026-03-02 23:24:53,2026-03-02 23:24:53
60949,30062,30015,1,,7.00,pendente,2026-03-02 23:24:53,2026-03-02 23:24:53
60950,30062,30016,1,,7.00,pendente,2026-03-02 23:24:53,2026-03-02 23:24:53
60951,30062,30035,1,,7.00,pendente,2026-03-02 23:24:53,2026-03-02 23:24:53
60952,30062,30036,1,,7.00,pendente,2026-03-02 23:24:53,2026-03-02 23:24:53
60953,30062,30021,0,,7.00,pendente,2026-03-02 23:24:53,2026-03-02 23:24:53
60954,30062,30022,0,,7.00,pendente,2026-03-02 23:24:53,2026-03-02 23:24:53
60955,30062,30028,1,,7.00,pendente,2026-03-02 23:24:53,2026-03-02 23:24:53
60956,30063,30034,1,,7.00,pendente,2026-03-02 23:24:53,2026-03-02 23:24:53
60957,30063,30013,1,,7.00,pendente,2026-03-02 23:24:53,2026-03-02 23:24:53
60958,30063,30015,1,,7.00,pendente,2026-03-02 23:24:53,2026-03-02 23:24:53
60959,30063,30016,1,,7.00,pendente,2026-03-02 23:24:53,2026-03-02 23:24:53
60960,30063,30035,1,,7.00,pendente,2026-03-02 23:24:53,2026-03-02 23:24:53
60961,30063,30036,1,,7.00,pendente,2026-03-02 23:24:53,2026-03-02 23:24:53
60962,30063,30021,0,,7.00,pendente,2026-03-02 23:24:53,2026-03-02 23:24:53
60963,30063,30022,1,,7.00,pendente,2026-03-02 23:24:53,2026-03-02 23:24:53
60964,30063,30028,0,,7.00,pendente,2026-03-02 23:24:53,2026-03-02 23:24:53
60965,30003,30001,0,,7.00,pendente,2026-03-02 23:24:53,2026-03-02 23:24:53
60966,30003,30002,0,,7.00,pendente,2026-03-02 23:24:53,2026-03-02 23:24:53
60967,30003,30003,0,,7.00,pendente,2026-03-02 23:24:54,2026-03-02 23:24:54
60968,30003,30004,1,,7.00,pendente,2026-03-02 23:24:54,2026-03-02 23:24:54
60969,30003,30005,1,,7.00,pendente,2026-03-02 23:24:54,2026-03-02 23:24:54
60970,30003,30006,0,,7.00,pendente,2026-03-02 23:24:54,2026-03-02 23:24:54
60971,30003,30007,0,,7.00,pendente,2026-03-02 23:24:54,2026-03-02 23:24:54
60972,30003,30008,1,,7.00,pendente,2026-03-02 23:24:54,2026-03-02 23:24:54
60973,30003,30009,1,,7.00,pendente,2026-03-02 23:24:54,2026-03-02 23:24:54
60974,30003,30010,1,,7.00,pendente,2026-03-02 23:24:54,2026-03-02 23:24:54
60975,30003,30012,1,,7.00,pendente,2026-03-02 23:24:54,2026-03-02 23:24:54
60976,30003,30014,1,,7.00,pendente,2026-03-02 23:24:54,2026-03-02 23:24:54
60977,30003,30019,1,,7.00,pendente,2026-03-02 23:24:54,2026-03-02 23:24:54
60978,30003,30020,1,,7.00,pendente,2026-03-02 23:24:54,2026-03-02 23:24:54
60979,30003,30024,1,,7.00,pendente,2026-03-02 23:24:54,2026-03-02 23:24:54
60980,30003,30026,0,,7.00,pendente,2026-03-02 23:24:54,2026-03-02 23:24:54
60981,30003,30030,1,,7.00,pendente,2026-03-02 23:24:54,2026-03-02 23:24:54
60982,30003,30017,0,,7.00,pendente,2026-03-02 23:24:54,2026-03-02 23:24:54
60983,30003,30025,0,,7.00,pendente,2026-03-02 23:24:54,2026-03-02 23:24:54
60984,30003,30027,0,,7.00,pendente,2026-03-02 23:24:54,2026-03-02 23:24:54
60985,30003,30032,0,,7.00,pendente,2026-03-02 23:24:54,2026-03-02 23:24:54
60986,30003,30033,0,,7.00,pendente,2026-03-02 23:24:54,2026-03-02 23:24:54
60987,30064,30034,1,,7.00,pendente,2026-03-02 23:24:54,2026-03-02 23:24:54
60988,30064,30013,0,,7.00,pendente,2026-03-02 23:24:54,2026-03-02 23:24:54
60989,30064,30015,1,,7.00,pendente,2026-03-02 23:24:55,2026-03-02 23:24:55
60990,30064,30016,1,,7.00,pendente,2026-03-02 23:24:55,2026-03-02 23:24:55
60991,30064,30035,1,,7.00,pendente,2026-03-02 23:24:55,2026-03-02 23:24:55
60992,30064,30036,0,,7.00,pendente,2026-03-02 23:24:55,2026-03-02 23:24:55
60993,30064,30021,0,,7.00,pendente,2026-03-02 23:24:55,2026-03-02 23:24:55
60994,30064,30022,0,,7.00,pendente,2026-03-02 23:24:55,2026-03-02 23:24:55
60995,30064,30028,1,,7.00,pendente,2026-03-02 23:24:55,2026-03-02 23:24:55
61007,30042,30004,1,,7.00,pendente,2026-03-02 23:24:55,2026-03-02 23:24:55
61008,30042,30005,1,,7.00,pendente,2026-03-02 23:24:55,2026-03-02 23:24:55
61009,30042,30006,1,,7.00,pendente,2026-03-02 23:24:55,2026-03-02 23:24:55
61010,30042,30007,1,,7.00,pendente,2026-03-02 23:24:56,2026-03-02 23:24:56
61011,30042,30008,1,,7.00,pendente,2026-03-02 23:24:56,2026-03-02 23:24:56
61012,30042,30003,1,,7.00,pendente,2026-03-02 23:24:56,2026-03-02 23:24:56
61013,30042,30009,1,,7.00,pendente,2026-03-02 23:24:56,2026-03-02 23:24:56
61014,30042,30010,1,,7.00,pendente,2026-03-02 23:24:56,2026-03-02 23:24:56
61015,30042,30013,0,,7.00,pendente,2026-03-02 23:24:56,2026-03-02 23:24:56
61016,30042,30022,0,,7.00,pendente,2026-03-02 23:24:56,2026-03-02 23:24:56
61017,30042,30028,0,,7.00,pendente,2026-03-02 23:24:56,2026-03-02 23:24:56
61018,30008,30001,0,,7.00,pendente,2026-03-02 23:24:56,2026-03-02 23:24:56
61019,30008,30002,0,,7.00,pendente,2026-03-02 23:24:56,2026-03-02 23:24:56
61020,30008,30003,1,,7.00,pendente,2026-03-02 23:24:56,2026-03-02 23:24:56
61021,30008,30004,1,,7.00,pendente,2026-03-02 23:24:56,2026-03-02 23:24:56
61022,30008,30005,0,,7.00,pendente,2026-03-02 23:24:56,2026-03-02 23:24:56
61023,30008,30006,0,,7.00,pendente,2026-03-02 23:24:56,2026-03-02 23:24:56
61024,30008,30007,0,,7.00,pendente,2026-03-02 23:24:56,2026-03-02 23:24:56
61025,30008,30008,1,,7.00,pendente,2026-03-02 23:24:56,2026-03-02 23:24:56
61026,30008,30009,0,,7.00,pendente,2026-03-02 23:24:56,2026-03-02 23:24:56
61027,30008,30010,0,,7.00,pendente,2026-03-02 23:24:56,2026-03-02 23:24:56
61028,30008,30012,1,,7.00,pendente,2026-03-02 23:24:56,2026-03-02 23:24:56
61029,30008,30014,1,,7.00,pendente,2026-03-02 23:24:56,2026-03-02 23:24:56
61030,30008,30019,1,,7.00,pendente,2026-03-02 23:24:56,2026-03-02 23:24:56
61031,30008,30020,1,,7.00,pendente,2026-03-02 23:24:57,2026-03-02 23:24:57
61032,30008,30024,1,,7.00,pendente,2026-03-02 23:24:57,2026-03-02 23:24:57
61033,30008,30026,1,,7.00,pendente,2026-03-02 23:24:57,2026-03-02 23:24:57
61034,30008,30030,0,,7.00,pendente,2026-03-02 23:24:57,2026-03-02 23:24:57
61035,30008,30017,0,,7.00,pendente,2026-03-02 23:24:57,2026-03-02 23:24:57
61036,30008,30025,1,,7.00,pendente,2026-03-02 23:24:57,2026-03-02 23:24:57
61037,30008,30027,0,,7.00,pendente,2026-03-02 23:24:57,2026-03-02 23:24:57
61038,30008,30032,0,,7.00,pendente,2026-03-02 23:24:57,2026-03-02 23:24:57
61039,30008,30033,0,,7.00,pendente,2026-03-02 23:24:57,2026-03-02 23:24:57
61040,30065,30034,1,,7.00,pendente,2026-03-02 23:24:57,2026-03-02 23:24:57
61041,30065,30013,1,,7.00,pendente,2026-03-02 23:24:57,2026-03-02 23:24:57
61042,30065,30015,1,,7.00,pendente,2026-03-02 23:24:57,2026-03-02 23:24:57
61043,30065,30016,1,,7.00,pendente,2026-03-02 23:24:57,2026-03-02 23:24:57
61044,30065,30035,0,,7.00,pendente,2026-03-02 23:24:57,2026-03-02 23:24:57
61045,30065,30036,1,,7.00,pendente,2026-03-02 23:24:57,2026-03-02 23:24:57
61046,30065,30021,0,,7.00,pendente,2026-03-02 23:24:57,2026-03-02 23:24:57
61047,30065,30022,1,,7.00,pendente,2026-03-02 23:24:57,2026-03-02 23:24:57
61048,30065,30028,1,,7.00,pendente,2026-03-02 23:24:57,2026-03-02 23:24:57
61049,30084,30004,1,,7.00,pendente,2026-03-02 23:24:57,2026-03-02 23:24:57
61050,30084,30005,1,,7.00,pendente,2026-03-02 23:24:57,2026-03-02 23:24:57
61051,30084,30006,0,,7.00,pendente,2026-03-02 23:24:57,2026-03-02 23:24:57
61052,30084,30007,1,,7.00,pendente,2026-03-02 23:24:58,2026-03-02 23:24:58
61053,30084,30008,0,,7.00,pendente,2026-03-02 23:24:58,2026-03-02 23:24:58
61054,30084,30003,1,,7.00,pendente,2026-03-02 23:24:58,2026-03-02 23:24:58
61055,30084,30009,1,,7.00,pendente,2026-03-02 23:24:58,2026-03-02 23:24:58
61056,30084,30010,1,,7.00,pendente,2026-03-02 23:24:58,2026-03-02 23:24:58
61057,30084,30012,1,,7.00,pendente,2026-03-02 23:24:58,2026-03-02 23:24:58
61058,30084,30014,1,,7.00,pendente,2026-03-02 23:24:58,2026-03-02 23:24:58
61059,30084,30019,1,,7.00,pendente,2026-03-02 23:24:58,2026-03-02 23:24:58
61060,30084,30020,1,,7.00,pendente,2026-03-02 23:24:58,2026-03-02 23:24:58
61061,30084,30024,1,,7.00,pendente,2026-03-02 23:24:58,2026-03-02 23:24:58
61062,30084,30026,1,,7.00,pendente,2026-03-02 23:24:58,2026-03-02 23:24:58
61063,30084,30030,1,,7.00,pendente,2026-03-02 23:24:58,2026-03-02 23:24:58
61064,30018,30001,0,,7.00,pendente,2026-03-02 23:24:58,2026-03-02 23:24:58
61065,30018,30002,0,,7.00,pendente,2026-03-02 23:24:58,2026-03-02 23:24:58
61066,30018,30003,0,,7.00,pendente,2026-03-02 23:24:58,2026-03-02 23:24:58
61067,30018,30004,1,,7.00,pendente,2026-03-02 23:24:58,2026-03-02 23:24:58
61068,30018,30005,1,,7.00,pendente,2026-03-02 23:24:58,2026-03-02 23:24:58
61069,30018,30006,1,,7.00,pendente,2026-03-02 23:24:58,2026-03-02 23:24:58
61070,30018,30007,1,,7.00,pendente,2026-03-02 23:24:58,2026-03-02 23:24:58
61071,30018,30008,1,,7.00,pendente,2026-03-02 23:24:58,2026-03-02 23:24:58
61072,30018,30009,1,,7.00,pendente,2026-03-02 23:24:58,2026-03-02 23:24:58
61073,30018,30010,1,,7.00,pendente,2026-03-02 23:24:59,2026-03-02 23:24:59
61074,30018,30012,1,,7.00,pendente,2026-03-02 23:24:59,2026-03-02 23:24:59
61075,30018,30014,1,,7.00,pendente,2026-03-02 23:24:59,2026-03-02 23:24:59
61076,30018,30019,1,,7.00,pendente,2026-03-02 23:24:59,2026-03-02 23:24:59
61077,30018,30020,1,,7.00,pendente,2026-03-02 23:24:59,2026-03-02 23:24:59
61078,30018,30024,1,,7.00,pendente,2026-03-02 23:24:59,2026-03-02 23:24:59
61079,30018,30026,1,,7.00,pendente,2026-03-02 23:24:59,2026-03-02 23:24:59
61080,30018,30030,1,,7.00,pendente,2026-03-02 23:24:59,2026-03-02 23:24:59
61081,30018,30017,1,,7.00,pendente,2026-03-02 23:24:59,2026-03-02 23:24:59
61082,30018,30025,1,,7.00,pendente,2026-03-02 23:24:59,2026-03-02 23:24:59
61083,30018,30027,1,,7.00,pendente,2026-03-02 23:24:59,2026-03-02 23:24:59
61084,30018,30032,1,,7.00,pendente,2026-03-02 23:24:59,2026-03-02 23:24:59
61085,30018,30033,1,,7.00,pendente,2026-03-02 23:24:59,2026-03-02 23:24:59
61105,30014,30001,0,,7.00,pendente,2026-03-02 23:25:00,2026-03-02 23:25:00
61106,30014,30002,0,,7.00,pendente,2026-03-02 23:25:00,2026-03-02 23:25:00
61107,30014,30003,1,,7.00,pendente,2026-03-02 23:25:00,2026-03-02 23:25:00
61108,30026,30004,0,,7.00,pendente,2026-03-02 23:25:00,2026-03-02 23:25:00
61109,30026,30005,0,,7.00,pendente,2026-03-02 23:25:00,2026-03-02 23:25:00
61110,30026,30006,1,,7.00,pendente,2026-03-02 23:25:00,2026-03-02 23:25:00
61111,30026,30007,1,,7.00,pendente,2026-03-02 23:25:00,2026-03-02 23:25:00
61112,30026,30008,0,,7.00,pendente,2026-03-02 23:25:00,2026-03-02 23:25:00
61113,30026,30009,0,,7.00,pendente,2026-03-02 23:25:00,2026-03-02 23:25:00
61114,30026,30010,0,,7.00,pendente,2026-03-02 23:25:00,2026-03-02 23:25:00
61115,30026,30012,1,,7.00,pendente,2026-03-02 23:25:01,2026-03-02 23:25:01
61116,30026,30014,1,,7.00,pendente,2026-03-02 23:25:01,2026-03-02 23:25:01
61117,30026,30019,1,,7.00,pendente,2026-03-02 23:25:01,2026-03-02 23:25:01
61118,30026,30020,1,,7.00,pendente,2026-03-02 23:25:01,2026-03-02 23:25:01
61119,30026,30024,1,,7.00,pendente,2026-03-02 23:25:01,2026-03-02 23:25:01
61120,30026,30026,1,,7.00,pendente,2026-03-02 23:25:01,2026-03-02 23:25:01
61121,30026,30030,1,,7.00,pendente,2026-03-02 23:25:01,2026-03-02 23:25:01
61122,30026,30017,1,,7.00,pendente,2026-03-02 23:25:01,2026-03-02 23:25:01
61123,30026,30025,1,,7.00,pendente,2026-03-02 23:25:01,2026-03-02 23:25:01
61124,30026,30027,1,,7.00,pendente,2026-03-02 23:25:01,2026-03-02 23:25:01
61125,30026,30032,1,,7.00,pendente,2026-03-02 23:25:01,2026-03-02 23:25:01
61126,30026,30033,1,,7.00,pendente,2026-03-02 23:25:01,2026-03-02 23:25:01
61127,30004,30004,1,,7.00,pendente,2026-03-02 23:25:01,2026-03-02 23:25:01
61128,30004,30005,1,,7.00,pendente,2026-03-02 23:25:01,2026-03-02 23:25:01
61129,30004,30006,1,,7.00,pendente,2026-03-02 23:25:01,2026-03-02 23:25:01
61130,30004,30007,1,,7.00,pendente,2026-03-02 23:25:01,2026-03-02 23:25:01
61131,30004,30008,1,,7.00,pendente,2026-03-02 23:25:01,2026-03-02 23:25:01
61132,30004,30009,1,,7.00,pendente,2026-03-02 23:25:01,2026-03-02 23:25:01
61133,30004,30010,1,,7.00,pendente,2026-03-02 23:25:01,2026-03-02 23:25:01
61134,30004,30012,1,,7.00,pendente,2026-03-02 23:25:01,2026-03-02 23:25:01
61135,30004,30014,1,,7.00,pendente,2026-03-02 23:25:01,2026-03-02 23:25:01
61136,30004,30019,1,,7.00,pendente,2026-03-02 23:25:02,2026-03-02 23:25:02
61137,30004,30020,1,,7.00,pendente,2026-03-02 23:25:02,2026-03-02 23:25:02
61138,30004,30024,1,,7.00,pendente,2026-03-02 23:25:02,2026-03-02 23:25:02
61139,30004,30026,1,,7.00,pendente,2026-03-02 23:25:02,2026-03-02 23:25:02
61140,30004,30030,1,,7.00,pendente,2026-03-02 23:25:02,2026-03-02 23:25:02
61141,30004,30017,1,,7.00,pendente,2026-03-02 23:25:02,2026-03-02 23:25:02
61142,30004,30025,1,,7.00,pendente,2026-03-02 23:25:02,2026-03-02 23:25:02
61143,30004,30027,1,,7.00,pendente,2026-03-02 23:25:02,2026-03-02 23:25:02
61144,30004,30032,1,,7.00,pendente,2026-03-02 23:25:02,2026-03-02 23:25:02
61145,30004,30033,1,,7.00,pendente,2026-03-02 23:25:02,2026-03-02 23:25:02
61146,30066,30034,1,,7.00,pendente,2026-03-02 23:25:02,2026-03-02 23:25:02
61147,30066,30013,1,,7.00,pendente,2026-03-02 23:25:02,2026-03-02 23:25:02
61148,30066,30015,1,,7.00,pendente,2026-03-02 23:25:02,2026-03-02 23:25:02
61149,30066,30016,0,,7.00,pendente,2026-03-02 23:25:02,2026-03-02 23:25:02
61150,30066,30035,1,,7.00,pendente,2026-03-02 23:25:02,2026-03-02 23:25:02
61151,30066,30036,1,,7.00,pendente,2026-03-02 23:25:02,2026-03-02 23:25:02
61152,30066,30021,1,,7.00,pendente,2026-03-02 23:25:02,2026-03-02 23:25:02
61153,30066,30022,1,,7.00,pendente,2026-03-02 23:25:02,2026-03-02 23:25:02
61154,30066,30028,0,,7.00,pendente,2026-03-02 23:25:02,2026-03-02 23:25:02
61174,30010,30001,0,,7.00,pendente,2026-03-02 23:25:03,2026-03-02 23:25:03
61175,30010,30002,0,,7.00,pendente,2026-03-02 23:25:03,2026-03-02 23:25:03
61176,30010,30003,0,,7.00,pendente,2026-03-02 23:25:03,2026-03-02 23:25:03
61177,30082,30004,0,,7.00,pendente,2026-03-02 23:25:03,2026-03-02 23:25:03
61178,30082,30005,1,,7.00,pendente,2026-03-02 23:25:04,2026-03-02 23:25:04
61179,30082,30006,1,,7.00,pendente,2026-03-02 23:25:04,2026-03-02 23:25:04
61180,30082,30007,1,,7.00,pendente,2026-03-02 23:25:04,2026-03-02 23:25:04
61181,30082,30008,0,,7.00,pendente,2026-03-02 23:25:04,2026-03-02 23:25:04
61182,30082,30003,1,,7.00,pendente,2026-03-02 23:25:04,2026-03-02 23:25:04
61183,30082,30009,0,,7.00,pendente,2026-03-02 23:25:04,2026-03-02 23:25:04
61184,30082,30010,0,,7.00,pendente,2026-03-02 23:25:04,2026-03-02 23:25:04
61185,30082,30012,1,,7.00,pendente,2026-03-02 23:25:04,2026-03-02 23:25:04
61186,30082,30014,1,,7.00,pendente,2026-03-02 23:25:04,2026-03-02 23:25:04
61187,30082,30019,1,,7.00,pendente,2026-03-02 23:25:04,2026-03-02 23:25:04
61188,30082,30020,1,,7.00,pendente,2026-03-02 23:25:04,2026-03-02 23:25:04
61189,30082,30024,0,,7.00,pendente,2026-03-02 23:25:04,2026-03-02 23:25:04
61190,30082,30026,0,,7.00,pendente,2026-03-02 23:25:04,2026-03-02 23:25:04
61191,30082,30030,0,,7.00,pendente,2026-03-02 23:25:04,2026-03-02 23:25:04
61192,30015,30001,0,,7.00,pendente,2026-03-02 23:25:04,2026-03-02 23:25:04
61193,30015,30002,0,,7.00,pendente,2026-03-02 23:25:04,2026-03-02 23:25:04
61194,30015,30003,0,,7.00,pendente,2026-03-02 23:25:04,2026-03-02 23:25:04
61195,30015,30017,1,,7.00,pendente,2026-03-02 23:25:04,2026-03-02 23:25:04
61196,30015,30025,1,,7.00,pendente,2026-03-02 23:25:04,2026-03-02 23:25:04
61197,30015,30027,1,,7.00,pendente,2026-03-02 23:25:04,2026-03-02 23:25:04
61198,30015,30032,1,,7.00,pendente,2026-03-02 23:25:04,2026-03-02 23:25:04
61199,30015,30033,1,,7.00,pendente,2026-03-02 23:25:05,2026-03-02 23:25:05
61214,30027,30004,1,,7.00,pendente,2026-03-02 23:25:05,2026-03-02 23:25:05
61215,30027,30005,1,,7.00,pendente,2026-03-02 23:25:05,2026-03-02 23:25:05
61216,30027,30006,1,,7.00,pendente,2026-03-02 23:25:05,2026-03-02 23:25:05
61217,30027,30007,1,,7.00,pendente,2026-03-02 23:25:05,2026-03-02 23:25:05
61218,30027,30008,1,,7.00,pendente,2026-03-02 23:25:05,2026-03-02 23:25:05
61219,30027,30009,1,,7.00,pendente,2026-03-02 23:25:05,2026-03-02 23:25:05
61220,30027,30010,1,,7.00,pendente,2026-03-02 23:25:06,2026-03-02 23:25:06
61221,30027,30012,1,,7.00,pendente,2026-03-02 23:25:06,2026-03-02 23:25:06
61222,30027,30014,1,,7.00,pendente,2026-03-02 23:25:06,2026-03-02 23:25:06
61223,30027,30019,1,,7.00,pendente,2026-03-02 23:25:06,2026-03-02 23:25:06
61224,30027,30020,1,,7.00,pendente,2026-03-02 23:25:06,2026-03-02 23:25:06
61225,30027,30024,1,,7.00,pendente,2026-03-02 23:25:06,2026-03-02 23:25:06
61226,30027,30026,1,,7.00,pendente,2026-03-02 23:25:06,2026-03-02 23:25:06
61227,30027,30030,1,,7.00,pendente,2026-03-02 23:25:06,2026-03-02 23:25:06
61228,30027,30017,1,,7.00,pendente,2026-03-02 23:25:06,2026-03-02 23:25:06
61229,30027,30025,1,,7.00,pendente,2026-03-02 23:25:06,2026-03-02 23:25:06
61230,30027,30027,1,,7.00,pendente,2026-03-02 23:25:06,2026-03-02 23:25:06
61231,30027,30032,1,,7.00,pendente,2026-03-02 23:25:06,2026-03-02 23:25:06
61232,30027,30033,1,,7.00,pendente,2026-03-02 23:25:06,2026-03-02 23:25:06
61233,30067,30034,1,,7.00,pendente,2026-03-02 23:25:06,2026-03-02 23:25:06
61234,30067,30013,1,,7.00,pendente,2026-03-02 23:25:06,2026-03-02 23:25:06
61235,30067,30015,1,,7.00,pendente,2026-03-02 23:25:06,2026-03-02 23:25:06
61236,30067,30016,1,,7.00,pendente,2026-03-02 23:25:06,2026-03-02 23:25:06
61237,30067,30035,0,,7.00,pendente,2026-03-02 23:25:06,2026-03-02 23:25:06
61238,30067,30036,1,,7.00,pendente,2026-03-02 23:25:06,2026-03-02 23:25:06
61239,30067,30021,0,,7.00,pendente,2026-03-02 23:25:06,2026-03-02 23:25:06
61240,30067,30022,0,,7.00,pendente,2026-03-02 23:25:06,2026-03-02 23:25:06
61241,30067,30028,1,,7.00,pendente,2026-03-02 23:25:07,2026-03-02 23:25:07
61242,30068,30034,0,,7.00,pendente,2026-03-02 23:25:07,2026-03-02 23:25:07
61243,30068,30013,1,,7.00,pendente,2026-03-02 23:25:07,2026-03-02 23:25:07
61244,30068,30015,0,,7.00,pendente,2026-03-02 23:25:07,2026-03-02 23:25:07
61245,30068,30016,1,,7.00,pendente,2026-03-02 23:25:07,2026-03-02 23:25:07
61246,30068,30035,1,,7.00,pendente,2026-03-02 23:25:07,2026-03-02 23:25:07
61247,30068,30036,1,,7.00,pendente,2026-03-02 23:25:07,2026-03-02 23:25:07
61248,30068,30021,0,,7.00,pendente,2026-03-02 23:25:07,2026-03-02 23:25:07
61249,30068,30022,1,,7.00,pendente,2026-03-02 23:25:07,2026-03-02 23:25:07
61250,30068,30028,1,,7.00,pendente,2026-03-02 23:25:07,2026-03-02 23:25:07
61251,30028,30004,1,,7.00,pendente,2026-03-02 23:25:07,2026-03-02 23:25:07
61252,30028,30005,1,,7.00,pendente,2026-03-02 23:25:07,2026-03-02 23:25:07
61253,30028,30006,1,,7.00,pendente,2026-03-02 23:25:07,2026-03-02 23:25:07
61254,30028,30007,1,,7.00,pendente,2026-03-02 23:25:07,2026-03-02 23:25:07
61255,30028,30008,1,,7.00,pendente,2026-03-02 23:25:07,2026-03-02 23:25:07
61256,30028,30009,1,,7.00,pendente,2026-03-02 23:25:07,2026-03-02 23:25:07
61257,30028,30010,1,,7.00,pendente,2026-03-02 23:25:07,2026-03-02 23:25:07
61258,30028,30012,1,,7.00,pendente,2026-03-02 23:25:07,2026-03-02 23:25:07
61259,30028,30014,1,,7.00,pendente,2026-03-02 23:25:07,2026-03-02 23:25:07
61260,30028,30019,1,,7.00,pendente,2026-03-02 23:25:07,2026-03-02 23:25:07
61261,30028,30020,1,,7.00,pendente,2026-03-02 23:25:07,2026-03-02 23:25:07
61262,30028,30024,1,,7.00,pendente,2026-03-02 23:25:08,2026-03-02 23:25:08
61263,30028,30026,1,,7.00,pendente,2026-03-02 23:25:08,2026-03-02 23:25:08
61264,30028,30030,1,,7.00,pendente,2026-03-02 23:25:08,2026-03-02 23:25:08
61265,30028,30017,1,,7.00,pendente,2026-03-02 23:25:08,2026-03-02 23:25:08
61266,30028,30025,1,,7.00,pendente,2026-03-02 23:25:08,2026-03-02 23:25:08
61267,30028,30027,1,,7.00,pendente,2026-03-02 23:25:08,2026-03-02 23:25:08
61268,30028,30032,1,,7.00,pendente,2026-03-02 23:25:08,2026-03-02 23:25:08
61269,30028,30033,1,,7.00,pendente,2026-03-02 23:25:08,2026-03-02 23:25:08
61270,30043,30004,1,,7.00,pendente,2026-03-02 23:25:08,2026-03-02 23:25:08
61271,30043,30005,1,,7.00,pendente,2026-03-02 23:25:08,2026-03-02 23:25:08
61272,30043,30006,0,,7.00,pendente,2026-03-02 23:25:08,2026-03-02 23:25:08
61273,30043,30007,0,,7.00,pendente,2026-03-02 23:25:08,2026-03-02 23:25:08
61274,30043,30008,1,,7.00,pendente,2026-03-02 23:25:08,2026-03-02 23:25:08
61275,30043,30003,0,,7.00,pendente,2026-03-02 23:25:08,2026-03-02 23:25:08
61276,30043,30009,1,,7.00,pendente,2026-03-02 23:25:08,2026-03-02 23:25:08
61277,30043,30010,1,,7.00,pendente,2026-03-02 23:25:08,2026-03-02 23:25:08
61278,30043,30013,0,,7.00,pendente,2026-03-02 23:25:08,2026-03-02 23:25:08
61279,30043,30022,0,,7.00,pendente,2026-03-02 23:25:08,2026-03-02 23:25:08
61280,30043,30028,0,,7.00,pendente,2026-03-02 23:25:08,2026-03-02 23:25:08
61281,30098,30004,1,,7.00,pendente,2026-03-02 23:25:08,2026-03-02 23:25:08
61282,30098,30005,1,,7.00,pendente,2026-03-02 23:25:08,2026-03-02 23:25:08
61283,30098,30006,1,,7.00,pendente,2026-03-02 23:25:09,2026-03-02 23:25:09
61284,30098,30007,1,,7.00,pendente,2026-03-02 23:25:09,2026-03-02 23:25:09
61285,30098,30008,1,,7.00,pendente,2026-03-02 23:25:09,2026-03-02 23:25:09
61286,30098,30003,1,,7.00,pendente,2026-03-02 23:25:09,2026-03-02 23:25:09
61287,30098,30009,0,,7.00,pendente,2026-03-02 23:25:09,2026-03-02 23:25:09
61288,30098,30010,1,,7.00,pendente,2026-03-02 23:25:09,2026-03-02 23:25:09
61289,30044,30004,1,,7.00,pendente,2026-03-02 23:25:09,2026-03-02 23:25:09
61290,30044,30005,1,,7.00,pendente,2026-03-02 23:25:09,2026-03-02 23:25:09
61291,30044,30006,0,,7.00,pendente,2026-03-02 23:25:09,2026-03-02 23:25:09
61292,30044,30007,0,,7.00,pendente,2026-03-02 23:25:09,2026-03-02 23:25:09
61293,30044,30008,0,,7.00,pendente,2026-03-02 23:25:09,2026-03-02 23:25:09
61294,30044,30003,1,,7.00,pendente,2026-03-02 23:25:09,2026-03-02 23:25:09
61295,30044,30009,1,,7.00,pendente,2026-03-02 23:25:09,2026-03-02 23:25:09
61296,30044,30010,1,,7.00,pendente,2026-03-02 23:25:09,2026-03-02 23:25:09
61297,30044,30013,0,,7.00,pendente,2026-03-02 23:25:09,2026-03-02 23:25:09
61298,30044,30022,0,,7.00,pendente,2026-03-02 23:25:09,2026-03-02 23:25:09
61299,30044,30028,0,,7.00,pendente,2026-03-02 23:25:09,2026-03-02 23:25:09
61300,30029,30001,0,,7.00,pendente,2026-03-02 23:25:09,2026-03-02 23:25:09
61301,30029,30002,0,,7.00,pendente,2026-03-02 23:25:09,2026-03-02 23:25:09
61302,30029,30003,1,,7.00,pendente,2026-03-02 23:25:09,2026-03-02 23:25:09
61303,30029,30004,1,,7.00,pendente,2026-03-02 23:25:09,2026-03-02 23:25:09
61304,30029,30005,0,,7.00,pendente,2026-03-02 23:25:10,2026-03-02 23:25:10
61305,30029,30006,1,,7.00,pendente,2026-03-02 23:25:10,2026-03-02 23:25:10
61306,30029,30007,0,,7.00,pendente,2026-03-02 23:25:10,2026-03-02 23:25:10
61307,30029,30008,0,,7.00,pendente,2026-03-02 23:25:10,2026-03-02 23:25:10
61308,30029,30009,1,,7.00,pendente,2026-03-02 23:25:10,2026-03-02 23:25:10
61309,30029,30010,0,,7.00,pendente,2026-03-02 23:25:10,2026-03-02 23:25:10
61310,30029,30012,1,,7.00,pendente,2026-03-02 23:25:10,2026-03-02 23:25:10
61311,30029,30014,1,,7.00,pendente,2026-03-02 23:25:10,2026-03-02 23:25:10
61312,30029,30019,1,,7.00,pendente,2026-03-02 23:25:10,2026-03-02 23:25:10
61313,30029,30020,1,,7.00,pendente,2026-03-02 23:25:10,2026-03-02 23:25:10
61314,30029,30024,1,,7.00,pendente,2026-03-02 23:25:10,2026-03-02 23:25:10
61315,30029,30026,1,,7.00,pendente,2026-03-02 23:25:10,2026-03-02 23:25:10
61316,30029,30030,1,,7.00,pendente,2026-03-02 23:25:10,2026-03-02 23:25:10
61317,30002,30001,0,,7.00,pendente,2026-03-02 23:25:10,2026-03-02 23:25:10
61318,30002,30002,0,,7.00,pendente,2026-03-02 23:25:10,2026-03-02 23:25:10
61319,30002,30003,0,,7.00,pendente,2026-03-02 23:25:10,2026-03-02 23:25:10
61320,30002,30004,1,,7.00,pendente,2026-03-02 23:25:10,2026-03-02 23:25:10
61321,30002,30005,0,,7.00,pendente,2026-03-02 23:25:10,2026-03-02 23:25:10
61322,30002,30006,0,,7.00,pendente,2026-03-02 23:25:10,2026-03-02 23:25:10
61323,30002,30007,1,,7.00,pendente,2026-03-02 23:25:10,2026-03-02 23:25:10
61324,30002,30008,0,,7.00,pendente,2026-03-02 23:25:11,2026-03-02 23:25:11
61325,30002,30009,1,,7.00,pendente,2026-03-02 23:25:11,2026-03-02 23:25:11
61326,30002,30010,0,,7.00,pendente,2026-03-02 23:25:11,2026-03-02 23:25:11
61327,30002,30012,1,,7.00,pendente,2026-03-02 23:25:11,2026-03-02 23:25:11
61328,30002,30014,0,,7.00,pendente,2026-03-02 23:25:11,2026-03-02 23:25:11
61329,30002,30019,1,,7.00,pendente,2026-03-02 23:25:11,2026-03-02 23:25:11
61330,30002,30020,0,,7.00,pendente,2026-03-02 23:25:11,2026-03-02 23:25:11
61331,30002,30024,1,,7.00,pendente,2026-03-02 23:25:11,2026-03-02 23:25:11
61332,30002,30026,1,,7.00,pendente,2026-03-02 23:25:11,2026-03-02 23:25:11
61333,30002,30030,1,,7.00,pendente,2026-03-02 23:25:11,2026-03-02 23:25:11
61334,30002,30017,0,,7.00,pendente,2026-03-02 23:25:11,2026-03-02 23:25:11
61335,30002,30025,1,,7.00,pendente,2026-03-02 23:25:11,2026-03-02 23:25:11
61336,30002,30027,0,,7.00,pendente,2026-03-02 23:25:11,2026-03-02 23:25:11
61337,30002,30032,0,,7.00,pendente,2026-03-02 23:25:11,2026-03-02 23:25:11
61338,30002,30033,0,,7.00,pendente,2026-03-02 23:25:11,2026-03-02 23:25:11
61339,30069,30034,1,,7.00,pendente,2026-03-02 23:25:11,2026-03-02 23:25:11
61340,30069,30013,0,,7.00,pendente,2026-03-02 23:25:11,2026-03-02 23:25:11
61341,30069,30015,0,,7.00,pendente,2026-03-02 23:25:11,2026-03-02 23:25:11
61342,30069,30016,1,,7.00,pendente,2026-03-02 23:25:11,2026-03-02 23:25:11
61343,30069,30035,0,,7.00,pendente,2026-03-02 23:25:11,2026-03-02 23:25:11
61344,30069,30036,0,,7.00,pendente,2026-03-02 23:25:11,2026-03-02 23:25:11
61345,30069,30021,0,,7.00,pendente,2026-03-02 23:25:12,2026-03-02 23:25:12
61346,30069,30022,0,,7.00,pendente,2026-03-02 23:25:12,2026-03-02 23:25:12
61347,30069,30028,1,,7.00,pendente,2026-03-02 23:25:12,2026-03-02 23:25:12
61348,30030,30001,0,,7.00,pendente,2026-03-02 23:25:12,2026-03-02 23:25:12
61349,30030,30002,0,,7.00,pendente,2026-03-02 23:25:12,2026-03-02 23:25:12
61350,30030,30003,0,,7.00,pendente,2026-03-02 23:25:12,2026-03-02 23:25:12
61351,30030,30004,0,,7.00,pendente,2026-03-02 23:25:12,2026-03-02 23:25:12
61352,30030,30005,0,,7.00,pendente,2026-03-02 23:25:12,2026-03-02 23:25:12
61353,30030,30006,0,,7.00,pendente,2026-03-02 23:25:12,2026-03-02 23:25:12
61354,30030,30007,0,,7.00,pendente,2026-03-02 23:25:12,2026-03-02 23:25:12
61355,30030,30008,0,,7.00,pendente,2026-03-02 23:25:12,2026-03-02 23:25:12
61356,30030,30009,0,,7.00,pendente,2026-03-02 23:25:12,2026-03-02 23:25:12
61357,30030,30010,0,,7.00,pendente,2026-03-02 23:25:12,2026-03-02 23:25:12
61358,30030,30012,1,,7.00,pendente,2026-03-02 23:25:12,2026-03-02 23:25:12
61359,30030,30014,1,,7.00,pendente,2026-03-02 23:25:12,2026-03-02 23:25:12
61360,30030,30019,1,,7.00,pendente,2026-03-02 23:25:12,2026-03-02 23:25:12
61361,30030,30020,1,,7.00,pendente,2026-03-02 23:25:12,2026-03-02 23:25:12
61362,30030,30024,1,,7.00,pendente,2026-03-02 23:25:12,2026-03-02 23:25:12
61363,30030,30026,1,,7.00,pendente,2026-03-02 23:25:12,2026-03-02 23:25:12
61364,30030,30030,0,,7.00,pendente,2026-03-02 23:25:12,2026-03-02 23:25:12
61365,30030,30017,0,,7.00,pendente,2026-03-02 23:25:12,2026-03-02 23:25:12
61366,30030,30025,1,,7.00,pendente,2026-03-02 23:25:12,2026-03-02 23:25:12
61367,30030,30027,0,,7.00,pendente,2026-03-02 23:25:13,2026-03-02 23:25:13
61368,30030,30032,0,,7.00,pendente,2026-03-02 23:25:13,2026-03-02 23:25:13
61369,30030,30033,0,,7.00,pendente,2026-03-02 23:25:13,2026-03-02 23:25:13
90001,30035,30002,0,,7.00,pendente,2026-03-17 01:23:25,2026-03-17 01:23:25
90002,30035,30003,1,,7.00,pendente,2026-03-17 01:23:25,2026-03-17 01:23:25
90003,30035,30004,1,,7.00,pendente,2026-03-17 01:23:25,2026-03-17 01:23:25
90004,30035,30005,1,,7.00,pendente,2026-03-17 01:23:25,2026-03-17 01:23:25
90005,30035,30006,1,,7.00,pendente,2026-03-17 01:23:25,2026-03-17 01:23:25
90006,30035,30007,0,,7.00,pendente,2026-03-17 01:23:25,2026-03-17 01:23:25
90007,30035,30008,0,,7.00,pendente,2026-03-17 01:23:25,2026-03-17 01:23:25
90008,30035,30009,1,,7.00,pendente,2026-03-17 01:23:25,2026-03-17 01:23:25
90009,30035,30010,1,,7.00,pendente,2026-03-17 01:23:25,2026-03-17 01:23:25
90010,30035,30019,0,,7.00,pendente,2026-03-17 01:23:25,2026-03-17 01:23:25
90011,30035,60015,0,,7.00,pendente,2026-03-17 01:23:25,2026-03-17 01:23:25
90012,30041,30003,0,,7.00,pendente,2026-03-17 01:23:25,2026-03-17 01:23:25
90013,30041,30004,0,,7.00,pendente,2026-03-17 01:23:26,2026-03-17 01:23:26
90014,30041,30005,1,,7.00,pendente,2026-03-17 01:23:26,2026-03-17 01:23:26
90015,30041,30006,1,,7.00,pendente,2026-03-17 01:23:26,2026-03-17 01:23:26
90016,30041,30007,1,,7.00,pendente,2026-03-17 01:23:26,2026-03-17 01:23:26
90017,30041,30008,0,,7.00,pendente,2026-03-17 01:23:26,2026-03-17 01:23:26
90018,30041,30009,1,,7.00,pendente,2026-03-17 01:23:26,2026-03-17 01:23:26
90019,30041,30010,1,,7.00,pendente,2026-03-17 01:23:26,2026-03-17 01:23:26
90020,30041,30013,1,66.00,7.00,pendente,2026-03-17 01:23:26,2026-03-17 01:23:26
90021,30041,30022,1,0.00,7.00,pendente,2026-03-17 01:23:26,2026-03-17 01:23:26
90022,30041,30028,1,,7.00,pendente,2026-03-17 01:23:26,2026-03-17 01:23:26
120001,570031,30003,1,,7.00,pendente,2026-03-19 00:32:29,2026-03-19 00:32:29
120002,570031,30012,1,,7.00,pendente,2026-03-19 00:33:41,2026-03-19 00:33:41
150001,660014,30007,1,,7.00,pendente,2026-03-20 17:26:52,2026-03-20 17:26:52
150002,660014,30008,1,,7.00,pendente,2026-03-20 17:26:52,2026-03-20 17:26:52
150003,660014,30009,0,,7.00,pendente,2026-03-20 17:26:52,2026-03-20 17:26:52
150004,660014,30014,1,,7.00,pendente,2026-03-20 17:29:10,2026-03-20 17:29:10
180001,660014,30013,1,5.00,8.00,pendente,2026-03-22 16:13:40,2026-03-22 16:13:40
210001,570089,30003,0,50.00,80.00,pendente,2026-03-23 14:42:02,2026-03-23 14:42:02
210002,570089,30004,0,70.00,90.00,pendente,2026-03-23 14:42:02,2026-03-23 14:42:02
210003,570089,30007,1,50.00,80.00,pendente,2026-03-23 14:42:02,2026-03-23 14:42:02
210004,570089,30008,1,50.00,80.00,pendente,2026-03-23 14:42:02,2026-03-23 14:42:02
